Attendance,Assignment_Score,Midterm_Score,Final_Score,Class_Participation,Behavioral_Score,Project_Score,Study_Hours_Per_Week,Extracurricular_Score,Performance_Level
0.6247240713084175,0.48319397861513413,0.7708920959462285,0.6299997137701283,0.6575967026268743,0.6968177601387211,0.7889541724466933,0.2666196359547577,0.03879945472888746,Medium
0.9704285838459497,0.4728851593503999,0.8576769780339606,0.8122620869372226,0.8443458634399892,0.7367178296875108,0.5034318172630997,0.5877108526405224,0.18677252823112933,High
0.839196365086843,0.9343782063647257,0.4753275291547493,0.6382656923154052,0.8081287438321272,0.9272736966010902,0.923436738012889,0.8856512522887674,0.8312458050899425,Medium
0.759195090518222,0.47468233989465425,0.7374118697248992,0.7506243795821316,0.32311992375501897,0.670002193029946,0.7678697434415449,0.759002397768605,0.7667683563383357,High
0.4936111842654619,0.4903648082900417,0.7002221882006241,0.5994724056264273,0.3193995757931791,0.9348248424060857,0.4943223301341726,0.8259050330753047,0.3506426914571469,Medium
0.49359671220172163,0.8315787836925745,0.8829812637517898,0.7765928139160116,0.41453949419593067,0.5440672154883457,0.9774028344887241,0.6929050300396457,0.3768106277742125,High
0.4348501673009197,0.614817889715378,0.9342609423368824,0.7127770075865276,0.4888597810728298,0.8883992186043154,0.7110192780011924,0.7230489080660673,0.5335544335535795,High
0.9197056874649611,0.8436973898686269,0.30850974003417075,0.6423222621105504,0.5267644651267861,0.9237738165273681,0.44373907112299305,0.8642760864087874,0.0002410046851345493,Medium
0.7606690070459252,0.34575631029506965,0.7718139433411548,0.604757607936138,0.7437577734666763,0.5909088264186694,0.7760997426490404,0.32470120797326735,0.24124433603802786,Medium
0.8248435466776274,0.641299835571369,0.3362850593838103,0.5823887252053945,0.24534434573266833,0.7151732661861002,0.5519193442076862,0.5404824672788264,0.20823180860821444,Medium
0.41235069657748147,0.32352952012829783,0.6842010655541491,0.422583899780799,0.22773816338085312,0.5827498873318278,0.8822160711263815,0.299088497637642,0.25048294674976346,Medium
0.9819459112971965,0.34385724241874815,0.5013429103305747,0.7540733285777533,0.5135284503551272,0.8533020644971089,0.8906932441397144,0.9889012071969823,0.8059058425334413,High
0.899465584480253,0.9345062173410876,0.5147436196654989,0.8332388335482086,0.7577309537103845,0.7676738840308284,0.9873684135127971,0.949653405717952,0.27967385654644317,High
0.5274034664069657,0.3974717597823166,0.5470709524166496,0.459184238839381,0.3547482743651861,0.8176616733541605,0.7011217186147023,0.13548413023165531,0.19152132205014816,Medium
0.5090949803242604,0.672694477592652,0.734904714334727,0.7956033390155548,0.7132035850050014,0.5982434834781056,0.6729741278366423,0.7350176552641197,0.5042634607930315,High
0.5100427059120604,0.5877669218204946,0.5338349759681384,0.6173584019166064,0.4078625103522396,0.6058729310262098,0.8520853632678884,0.9327234856740992,0.8656450363727319,Medium
0.5825453457757226,0.5431403283811899,0.8128893354131963,0.6382466272140073,0.908868887050813,0.5207486627549531,0.47948239380515595,0.2625178106146002,0.24134970383749987,Medium
0.7148538589793427,0.9298833419810906,0.5831691699017088,0.6697865237513047,0.9165519554132933,0.6610337675978648,0.7281493082758745,0.6111507074973666,0.0785362427927987,Medium
0.6591670111852694,0.3152763777428426,0.347847240216971,0.6360416610373995,0.4378297634250612,0.7798723306668375,0.7277485600785105,0.9239394678292376,0.3564047358496647,Medium
0.5747374841188252,0.7646527803229124,0.8486318897388749,0.5625712755032399,0.38399500317059243,0.9289674569986643,0.45368387368623236,0.13055138072721897,0.7476518245649778,Medium
0.7671117368334277,0.9743761039494852,0.5000308272148941,0.6473881997721193,0.529043177652985,0.8334637237293403,0.6507904513041481,0.7276782405221559,0.5506905446947946,Medium
0.4836963163912251,0.6921177284232893,0.6029368157194839,0.5994058658390206,0.392425268144119,0.7176981616998757,0.9119708791403212,0.3676141066352957,0.8167933695743474,Medium
0.5752867891211308,0.9557757234231643,0.7798107182553311,0.7745596909561894,0.7379070746333629,0.976560057197069,0.9136921731967962,0.9319565758388774,0.959592147609234,High
0.619817105976215,0.3365805155002166,0.5327193100040983,0.5829447657934008,0.8608517476386284,0.8596226002879159,0.4595425989518086,0.973952420648831,0.792662476751617,Medium
0.6736419905302216,0.5931553233519129,0.33960995930270094,0.5841703438078958,0.7384737047289736,0.965082601431275,0.4544325296486985,0.9498398402020906,0.6038030788437534,Medium
0.8711055768358081,0.4821104536734358,0.5617447329089695,0.6525475455300327,0.8594803577994796,0.7637939866360828,0.5576172862011612,0.5267927949917174,0.4933415880523805,Medium
0.5198042692950159,0.8115746754865107,0.9611140078860123,0.8821924265846275,0.5175937297659794,0.6294521373965698,0.9248596375323961,0.8758383858903821,0.04006908634826667,High
0.708540663048167,0.9869079633480726,0.7492140781089907,0.7633236960983633,0.32505357656708866,0.526413343182361,0.47734155104409937,0.8600944586815633,0.9843219788140413,High
0.7554487413172255,0.4795710437109735,0.7700354040670447,0.712384645874169,0.7903607579180738,0.8630424257419252,0.8319980815764678,0.38719042591893005,0.3834811225750425,High
0.42787024763199866,0.7579222210318521,0.7425975075463478,0.6123265836748847,0.4883796041132431,0.5606514990027671,0.46069937176786196,0.8460239267356096,0.1522282139168668,Medium
0.764526911140863,0.43866834293181806,0.43929449727160574,0.4372338037581073,0.7370166601833061,0.6513875641359836,0.7738827122486953,0.13330687124394336,0.6667088553964567,Medium
0.502314474212375,0.695731178200127,0.592833704871596,0.5737675528211481,0.4165151535854126,0.7662354539419487,0.6136403794714869,0.6366428906338477,0.28428828909545933,Medium
0.43903095579116774,0.6247527406818353,0.8256578588543226,0.5672023371227801,0.26498370784533815,0.7822082938898738,0.8733483777795202,0.30700795355893273,0.5857782709310476,Medium
0.9693313223519999,0.9804037307420759,0.3709610282872114,0.5547892514418005,0.9940654363902108,0.800291598493568,0.5402142692952182,0.20851019719955094,0.5867679078445912,Medium
0.9793792198447356,0.7259690908875265,0.4944969432627986,0.5738308166347837,0.32496120634447945,0.5831276651748503,0.7835210976339759,0.16925788146628823,0.44572982090286917,Medium
0.8850384088698766,0.5446544604607731,0.49342337592609753,0.6402032578540594,0.9907367951707848,0.6898687024108243,0.541409520745531,0.7266598982903257,0.8361186155450426,Medium
0.5827682615040224,0.37986704942155336,0.6024132493161541,0.5643093014951075,0.9818239460531579,0.8085971135584833,0.8281961698672923,0.4058874673912596,0.26496706155544303,Medium
0.45860326840383037,0.40587278011445416,0.9862581186595294,0.7512777174939596,0.8350544831264317,0.9849094323168923,0.9242068207364492,0.7522900943758853,0.44863259161773417,High
0.8105398159072941,0.45772185096586454,0.34725178267867535,0.3830099261578689,0.7275383696655982,0.8638155688498443,0.47608107947605605,0.15882070671904813,0.5376921285909715,Low
0.6640914962437607,0.47567666293820854,0.6630906960664165,0.5818348533915427,0.6622456402008678,0.9613018785469789,0.9199574131573021,0.38376130404754927,0.6636247207672996,Medium
0.47322294090686734,0.8954312404887965,0.42555527740854726,0.554785943060382,0.8928812363022678,0.8811060291570885,0.7561451526485787,0.5855421631378035,0.7839718505055895,Medium
0.6971061460667621,0.6928559517977675,0.9794735817868208,0.7915721574479211,0.4315516172955904,0.7958584844462002,0.4762662945202144,0.8116508483550672,0.39480728287825606,High
0.42063311266913106,0.6663736379620564,0.3793124533092249,0.44336413513723527,0.5741449699879017,0.5960116845681722,0.6565251132158272,0.38687725263886297,0.646046944096596,Medium
0.9455922412472693,0.3803382103084522,0.5825207016531138,0.6602451591670983,0.6955119754932015,0.8333428259462565,0.49651617609105875,0.6633022387933082,0.15061095306851913,Medium
0.5552679889600102,0.9020977853446044,0.8165194893842243,0.7572334877094934,0.5289523806955929,0.8116897829799535,0.8202087333199417,0.8973799734125684,0.9326481005424786,High
0.7975133706123891,0.8059700122459386,0.7931880996192117,0.8147859664495268,0.5419891632722145,0.8012345852286332,0.8553208806507697,0.6542768693640741,0.38305880642100354,High
0.5870266456536466,0.3473678533300011,0.5959100458257525,0.4260377631704269,0.46422773400166756,0.7448929339941204,0.4634779121636794,0.3096635272782704,0.7295214219764384,Medium
0.7120408127066865,0.795484568060838,0.5425669175669028,0.47405017917078407,0.6513854533476289,0.7643283019946379,0.7036839116167866,0.12196070340088422,0.020341081882177647,Medium
0.7280261676059678,0.6804767521398523,0.5783286649870094,0.8643001021209012,0.8804596224120929,0.667221263559052,0.8887750336155503,0.8830889865108369,0.205187142904807,High
0.5109126733153162,0.35720774202274475,0.4849933842110475,0.3516830693978624,0.3612227024050503,0.7596563463211516,0.9616978249305979,0.11914246976534842,0.487082544323578,Low
0.9817507766587351,0.6208104490700594,0.44373305709475985,0.6506407703927666,0.9475464310027533,0.5987779528392392,0.708110720045062,0.8872315054157794,0.8782524677323466,Medium
0.8650796940166687,0.6392874009910329,0.638127788291223,0.7270959800688201,0.7512701229985839,0.9025871986801883,0.9701675341668442,0.5760434206244908,0.5272551499506771,High
0.9636993649385135,0.416042178114293,0.4879736292473251,0.6165706981332859,0.8586185701440241,0.5928884773493539,0.721413382273618,0.9451609286616065,0.929870482293879,Medium
0.9368964102565893,0.9619887029001977,0.501223165428075,0.7160421353348144,0.6449525541040093,0.5424831449447332,0.6365142967599448,0.8189049121962988,0.48379689658279634,High
0.7587399872866512,0.8949827600364633,0.7597292444321899,0.9506046920496177,0.8236133611392509,0.7181230131785787,0.9089218771317373,0.9981406994800037,0.49044909673594994,High
0.9531245410138701,0.7683156361303758,0.9779761321899245,0.6818489776585712,0.21296031787157377,0.829153719753031,0.6957896262748535,0.41564063390653916,0.11974678850053189,Medium
0.4530955012311517,0.623606892700425,0.7225460403915624,0.5812823366840046,0.8547043398236283,0.7188584124667707,0.6831415063387138,0.7904694600380142,0.8026562441522198,Medium
0.5175897174514872,0.588235879109156,0.3538856269454764,0.3729918253420338,0.23211108726829321,0.6383770659756542,0.6941874936458969,0.46173782224831794,0.2469654124670625,Low
0.4271363733463229,0.7556814270056679,0.35290852969784686,0.5534034808604134,0.91193070109029,0.7790855919452204,0.9080710011218472,0.5318880582735179,0.8996124893723151,Medium
0.5951981984579586,0.6818023085848338,0.9659962545918961,0.8423828810208498,0.9935701977909146,0.6735011677061,0.8991649250128313,0.6647549168965331,0.9108242203303961,High
0.6332063738136893,0.34359117411731993,0.5081035532151335,0.5886528449030449,0.4352539697414223,0.9664338450633165,0.6421119954641268,0.8863094027677049,0.9433101118741497,Medium
0.5628094190643376,0.6587518541392321,0.3644468902577328,0.6349846196344395,0.3682548450286349,0.961322569801786,0.599979915922315,0.9856751222793656,0.52023048910309,Medium
0.8972425054911576,0.8644825320629876,0.719331211005267,0.8604093379269853,0.8122906910864327,0.7511859099860477,0.6951568144234777,0.7914460724780664,0.6770937847836443,High
0.6140519960161536,0.6214679143178706,0.7365541448031863,0.7084202169541978,0.4024210727362026,0.6639419970091293,0.7436635058422654,0.4759901039506004,0.7785158800616635,High
0.5685607058124285,0.3363696042879879,0.7539533740830817,0.5904939556194395,0.8924499065377629,0.8685662069783195,0.5430023263767982,0.4792213020493632,0.1310146186504656,Medium
0.7256176498949491,0.8503947395688232,0.4871814195002789,0.5344912889627377,0.2822740737259814,0.5183564717415333,0.8763730508293543,0.7638240714300023,0.6009571949974972,Medium
0.4845545349848576,0.44095464749518204,0.3105774789501325,0.3370220918835668,0.30076415710348664,0.7373845030218256,0.6918896594394537,0.3148994311914721,0.03429790130331167,Low
0.8813181884524238,0.4810345844216271,0.9755107586181302,0.6734997560134174,0.9833212440804926,0.6681616971351667,0.6004273290519757,0.1994267018182552,0.4975660833887259,Medium
0.44473038620786254,0.4152944474026071,0.4756251319837717,0.4489455495361284,0.7390711186160037,0.9602679425512773,0.4640925957783944,0.4191599418766989,0.1548426816202274,Medium
0.9921321619603104,0.5311505454100482,0.7732184016367831,0.6734445743669397,0.8775097795431623,0.5060015136363413,0.5433070962421642,0.3585150924886735,0.1829229259620847,Medium
0.8633468615779945,0.8297260539820446,0.7946409089150966,0.7528319630799586,0.45946350188121443,0.7764074378591745,0.9695687030535902,0.36667730841039115,0.3650475666926015,High
0.5192294089205034,0.6635701016527561,0.72700519195564,0.632150215039869,0.7411869996164835,0.870331790533313,0.583059812091716,0.31024697594491896,0.432437166716503,Medium
0.4033132702741615,0.44341689190549877,0.5190351759495537,0.3913893915730232,0.6753934618468778,0.7425089937620206,0.5013155736202212,0.1378838706727257,0.6231724245321872,Low
0.8892768570729005,0.9144810547064286,0.489767377634846,0.5926141267295959,0.6825200960983576,0.5427015150813608,0.6764036749929959,0.11608654126007244,0.07442841843851566,Medium
0.8241144063085704,0.9157072984660704,0.7183677978918921,0.8394568770749613,0.7460259676301773,0.9862306950139511,0.5842526460161492,0.9889501507624284,0.5036917612374446,High
0.8374043008245924,0.9094048975322049,0.906266943528184,0.7541581783200008,0.6602873385032788,0.7590052156880489,0.4210955501627165,0.4849958203622762,0.18262513025310112,High
0.8627622080115674,0.4671573479670775,0.9627136102463769,0.7698754947421689,0.5432498954421328,0.8070931221595057,0.5938871303676504,0.4458939824437135,0.5739751750317419,High
0.44442679104045424,0.6158675409266916,0.3741340630826303,0.520312441890923,0.4207381555044375,0.6183048913537537,0.7264651743636812,0.7116825544237628,0.6374046122611835,Medium
0.6150794371265635,0.9894927592986125,0.40838002881840385,0.61919048146327,0.8148650647305618,0.7417490425534019,0.7310274232119802,0.29642849907855773,0.5567092565528539,Medium
0.4695214357150779,0.8404087334169932,0.9613153811481556,0.7309739167710761,0.38101794400254896,0.7145747459791609,0.6139353527061332,0.9549650655552028,0.7382955104783077,High
0.9178620555253562,0.3190171948578919,0.8155746598343547,0.7482075997555375,0.7538834449235314,0.5374479210009919,0.6683816537515603,0.8077105129739969,0.3356092442409013,High
0.7739788760965347,0.3456432138823444,0.9180956773808411,0.6177839648164126,0.3866662581194613,0.5530801767737337,0.9793107509408598,0.18046990208103358,0.7651065916331309,Medium
0.5985388149115896,0.624751963768633,0.44184284389474016,0.5440899249119361,0.7002641359635631,0.9187362598093873,0.626409086338187,0.4758226982064355,0.43276708170819367,Medium
0.4381350101716142,0.936454144103092,0.7113101097765813,0.7840605335060377,0.7976626137032232,0.6199099761032951,0.5549360879559898,0.8912064768059482,0.4841844983225968,High
0.5865893930293973,0.6770912585669,0.7907977160922315,0.7442035486268742,0.3749711111252314,0.5974791357493152,0.546080226440056,0.9502588200622692,0.6481021272610714,High
0.5951099932160482,0.6484687556240032,0.7760783198128809,0.5606808141116049,0.24795464068904663,0.7524557256250697,0.6746587676224804,0.5206613601248827,0.01835838399922396,Medium
0.8377637070028385,0.3738315899696414,0.5857061836066886,0.6731008762363075,0.3047789943953393,0.8843735656812565,0.8557120892301664,0.6520702502896369,0.6539942214202483,Medium
0.7825344828131279,0.7597460733070058,0.31077642418391593,0.5020033527520071,0.6847975738168204,0.530973259289494,0.5235929105130839,0.2503305514828677,0.6185851490721154,Medium
0.932327645545796,0.8754722124201577,0.7080482397629841,0.7580063822433212,0.8795571249805885,0.7884039598191279,0.8255776762844609,0.9920517635232788,0.3098471167532799,High
0.6833289550971695,0.5662940052552936,0.4771710774257261,0.4696753623216017,0.23599745698833952,0.5596052214202867,0.4126898940096498,0.3085045312450991,0.08579428489948948,Medium
0.471756547562981,0.8429282956477291,0.6151779723000232,0.6234980267299497,0.787321007233317,0.5182305254128092,0.6513597867903675,0.948458596721613,0.09093544991304114,Medium
0.827946872333797,0.975133657730568,0.970306710558672,0.8075767278776167,0.47305491676004174,0.5263719760811088,0.865519039121672,0.6846819840931316,0.9232237469852286,High
0.8564710291701385,0.44263652138938236,0.5793247223497042,0.5942249667649796,0.582822695935618,0.9170820541042206,0.6032397734646588,0.6469631153909732,0.6892793212258371,Medium
0.7367663185416977,0.6663307418363189,0.8878611246650987,0.7896223764527541,0.9430876398764525,0.5589862418140308,0.7382422608672397,0.5614196599148578,0.1271026137707404,High
0.8625803079727365,0.5009965706592029,0.4319784240244758,0.5059786205883502,0.4655772037886764,0.522575682206146,0.5229875396955465,0.3076028305459828,0.35672316930890635,Medium
0.6962773578186345,0.8549980933236876,0.7707223486175201,0.5658206991670303,0.5722695471515888,0.7189499435714561,0.8451972346757034,0.25887522880495745,0.5924829939015964,Medium
0.7136396976291964,0.7043153561168103,0.9839048681072604,0.7082545438522081,0.2109459318085449,0.9219967359710124,0.4313674619612558,0.2984375881631578,0.8355717050906487,High
0.6565246110151297,0.7442076922852126,0.37132517061105574,0.3897880470779118,0.26527897600387074,0.631204188244651,0.9115255869253002,0.2677944359298291,0.04366092871300853,Low
0.4152514760464571,0.8585399117311259,0.3058239595590344,0.5391444235421741,0.40687327290782727,0.7108563087629582,0.5189178318530009,0.801626026210078,0.23663313147000886,Medium
0.4647348561959827,0.5771793308637183,0.6035079548428299,0.4823163689525882,0.22228179265685954,0.5199612662818756,0.9246388190249984,0.41511273325005715,0.88974899029538,Medium
0.4188575114120406,0.9405630478849303,0.36483783813595705,0.39108268879966984,0.7051002608386008,0.7245392570674379,0.6115175447803104,0.15205840890705674,0.009165550183816484,Low
0.7818462467582683,0.6731202070722979,0.8238690447733619,0.8490335064194612,0.541118685441298,0.7888065403185669,0.833610144684692,0.9721923671267302,0.2013991027938874,High
0.588613588645796,0.4105683759847436,0.9401840646939912,0.7992708390829841,0.6385161621824176,0.7854535268760724,0.5915351786717131,0.8954072964670832,0.959024175972966,High
0.7051424146988217,0.7871293827181617,0.6038146808961311,0.7958325144948398,0.3397177487170636,0.6662133460871826,0.9435470027407885,0.9349770548756917,0.6134018465221711,High
0.9445398843556558,0.8552829453067781,0.48109814950880864,0.7331985937847831,0.4367456235492929,0.6577665903315677,0.47598227531102466,0.9954170403817918,0.26167136663750645,High
0.549575337489325,0.5217331739472686,0.6040823233046269,0.51487474494405,0.7310595798821802,0.5533118094682989,0.5071118735635592,0.2565057242975386,0.0669910943958476,Medium
0.6462297538213778,0.900025479899127,0.8064134724950007,0.6771638149603005,0.9722421789043199,0.6833991603231342,0.6958180750952814,0.4566178170123929,0.028191340447222157,Medium
0.8533306831258292,0.9343002783360363,0.3063379131062597,0.6104924093257534,0.24033341888176737,0.5497473344364823,0.4491630634228877,0.7824146281336821,0.24474507963692727,Medium
0.5372788992949735,0.4938331411644662,0.712617792639288,0.6813290412369845,0.9123074566842129,0.8832979723560258,0.5175881108210572,0.726418556248413,0.8814858195889105,Medium
0.44618794589727584,0.9884650309006553,0.7293041794211653,0.5794398811394859,0.6615049610489667,0.983137148874093,0.9662598293272087,0.23850631570586955,0.4159136542975095,Medium
0.5738508717482609,0.39849806963413087,0.7463817728271548,0.6160800032254953,0.651135653404499,0.9850372283333535,0.9858937966887323,0.8342498124915559,0.720333369165993,Medium
0.49673277235240265,0.44141096788174294,0.46941545598661405,0.4611546556219862,0.6002228281662083,0.9325355496876969,0.6257555975982532,0.3019965146529946,0.9182850353799578,Medium
0.9578185914055438,0.42895738746661827,0.7998369063646886,0.66846375552486,0.25551526872334673,0.8003960746698096,0.9539716126083614,0.30143585334036077,0.4080404616028166,Medium
0.8848722277386502,0.9257927970055093,0.36397404043224346,0.558695025072836,0.27190148138892856,0.8504328486219399,0.726894805404059,0.5832769806040722,0.19127737103739706,Medium
0.7800422539062541,0.7580047866274733,0.43948923552676056,0.5419510496166983,0.6807296045272688,0.642602901340207,0.5618454795242602,0.6336459413575328,0.5171179308569195,Medium
0.9228763541126306,0.406472998255591,0.9142290326581373,0.8392263908569793,0.4727668571484467,0.8153852100863104,0.8214392326483593,0.62207758705403,0.9080836870598544,High
0.8822032461394687,0.6082263928578442,0.8171062055085965,0.6798650512612548,0.9338144532621446,0.7278247747199387,0.7953410839449143,0.1823381536579794,0.8043744141377006,Medium
0.5119420353316215,0.7307086175488614,0.30962188780794164,0.570738953167381,0.5252724298875778,0.7410086698884663,0.99347519146524,0.8897147763673423,0.06582984336315378,Medium
0.9355353990939866,0.3584248594925683,0.47386338225886016,0.4603927919541238,0.3146251669621129,0.878888280187579,0.55902837244557,0.3390400383298355,0.6925728000775818,Medium
0.7236053451493905,0.917691457885137,0.4500845380952152,0.4858204574392143,0.7717750668016288,0.6409591777986259,0.8032357015970413,0.21656342915452376,0.5718975224589538,Medium
0.8844640930984375,0.8625224748090745,0.48956442962588076,0.7678853037880085,0.4346827371528079,0.6590198058472599,0.43121425301766814,0.8998732718820794,0.9074631763464255,High
0.937654779954096,0.6536447415036467,0.47329183919592044,0.7198804514599902,0.6203762458847146,0.9623208955643183,0.46818762321803165,0.960086348406778,0.12248141685029723,High
0.5908020849831184,0.9769886306814193,0.343768407019992,0.5856584457251934,0.7582662284041362,0.5281121474254862,0.402351024970656,0.8759148555389056,0.5340361132046566,Medium
0.46603115471660606,0.5924326854925698,0.6212583616177743,0.6985098893130026,0.9202112889616563,0.7428171492066702,0.9996764086358039,0.8285644672523903,0.8794626935118923,Medium
0.536761097525165,0.9888772233255485,0.8129134323503155,0.7082250381381533,0.833752955841341,0.9564004002039308,0.8813642182884867,0.6897177825751195,0.410023786741743,High
0.6562646731757538,0.7675439991625389,0.7247122073022054,0.766297800165167,0.7410888542981793,0.8051815039090785,0.8720338088401245,0.5957716335482254,0.48199491773286707,High
0.8908088595534959,0.744269891277759,0.7710101680186559,0.7071314771243592,0.743706545916115,0.773203537106066,0.7058356451729078,0.17828808392026912,0.0704606776669583,High
0.916438349953806,0.41616842670704945,0.3568044249753674,0.5201983290320598,0.9567397152256694,0.6248720896146776,0.580040249743264,0.4676078917636288,0.2781436404489108,Medium
0.40417127831871447,0.9173494308132508,0.966043497123751,0.6344767191483502,0.43665927799722887,0.6716377445322241,0.4907585706776056,0.43541966531108256,0.32450664916894734,Medium
0.7064483815465394,0.5992427815444306,0.8869442836901174,0.5027671210999927,0.20088967535694993,0.9260242079023464,0.5708048433078782,0.3337784053842936,0.9451224487448869,Medium
0.6504466018892674,0.4135633840477355,0.8635632229469639,0.6395405928502298,0.41756364751855896,0.7796090658842291,0.6255827331574835,0.7510781023197265,0.28266736054115904,Medium
0.5332646862824382,0.30882526398303134,0.8760886635292371,0.5751700056293381,0.3743131037013952,0.75737109687839,0.8537860581881764,0.5462881615708938,0.460868735269652,Medium
0.4719192204002097,0.6918289785468678,0.952897355692933,0.6197389691274999,0.7294676680911987,0.5497898567700145,0.7237970733418915,0.17294159431688316,0.6713044235642798,Medium
0.6025691028421768,0.6691797354858734,0.6809777762795883,0.5416765238188039,0.7069692798124232,0.5080140782275615,0.44649017593328966,0.29816488175483025,0.1621833724078774,Medium
0.9657458223475115,0.803547535658411,0.4401974125073381,0.593318785442515,0.674769106163779,0.9818425943435245,0.4108174053753474,0.7149328872936364,0.4864423871418745,Medium
0.5939217592124532,0.9231806371124613,0.7317485254967788,0.5290053438540991,0.21299475456756298,0.6884930836434209,0.4613993077204379,0.16851777354127018,0.7385390394759076,Medium
0.7112743730460196,0.35558460925012064,0.8200170455675573,0.7780737981151487,0.783022443560518,0.8016065310497522,0.6462992282184277,0.8660862226438918,0.866855213027066,High
0.8218113753371068,0.8120475432382537,0.8165421753478177,0.7650937308477967,0.45882432998839323,0.5398575365936424,0.959915750229411,0.5456318743125769,0.6262592746624267,High
0.6181777614275764,0.43118836086830753,0.6650143169168161,0.5133821791453254,0.732044791205305,0.8415571428615233,0.782441488725533,0.5325279195939833,0.6690535153169479,Medium
0.9830692496325764,0.9007239372100146,0.34792110353350464,0.636655121544795,0.6452627428017227,0.9662833543529805,0.8810955399253091,0.6331670061935658,0.12628347258456896,Medium
0.9774683769652668,0.8733444597031592,0.5597790569010894,0.6778374446155814,0.4741847403423258,0.7878326264987099,0.6798247567027291,0.8422128693326343,0.9457764972463472,Medium
0.5510693774952184,0.678555628489881,0.9445366259243502,0.7032337972365771,0.30766101368328624,0.5630576611877053,0.6169996499170257,0.4130282871119738,0.13257407748448236,High
0.6983491035354312,0.797169959036318,0.7091142368301981,0.7213665217326696,0.27553511812838477,0.7908607637367384,0.46504022362997366,0.7102145373031572,0.7746729371817983,High
0.5805269858900618,0.5200450792286239,0.6768323602789994,0.6019282857714296,0.8652146664897788,0.8831736065523261,0.925559813311723,0.6091587675962119,0.2648163217783188,Medium
0.5709042966264806,0.6298175292529702,0.48819746006753545,0.48504152649642973,0.9347180336652465,0.7032082682870093,0.8698960174167417,0.3403254431524792,0.9335931437012516,Medium
0.4221321684127197,0.8751458283973301,0.5579142439416052,0.6278744611053377,0.7198304374114397,0.9399188739707339,0.5008708585586351,0.8907669877196421,0.7199595393694795,Medium
0.7657386003879381,0.6214856380212497,0.9267422624072184,0.680942442357938,0.2827472918883867,0.8243414766786823,0.7073563383257564,0.8176834194462352,0.753813712978369,Medium
0.701607413937317,0.5504587857278092,0.7665241332687849,0.7143032123876605,0.5216217735105926,0.9496244591446013,0.692424884752747,0.6926066511925829,0.21905917305988332,High
0.4308872507499936,0.64594871307521,0.851170918726633,0.7293311193258414,0.7831513600841258,0.8117526556236686,0.7750549316119172,0.8655235561848177,0.4430399766351608,High
0.5671878785419668,0.8797744767060529,0.6180417961473585,0.7759580435550633,0.8238567072080545,0.5656439860024121,0.9677121363947567,0.8805647808638222,0.6178131945892864,High
0.9449595315799922,0.5346456331596109,0.7411730536193105,0.6834501354059913,0.2945748978328709,0.6548458555525946,0.7478628650574878,0.7375266790435313,0.7699736182066009,Medium
0.5437371344001835,0.42163311519502067,0.4738685261202452,0.5453443207681281,0.20002457507630594,0.6008974741262285,0.7241303600671711,0.8533119955273049,0.10395937591238957,Medium
0.48693692325473387,0.7984098142315466,0.7938225811984403,0.6216662552904526,0.769709636704484,0.9544132488584312,0.4301937597607984,0.7277243155023553,0.9623653164545284,Medium
0.6936716561665378,0.8781847488956571,0.5993209335923361,0.6102833496715347,0.48527694078896455,0.8802000336437413,0.43774448561081436,0.7121266945842704,0.890220670554556,Medium
0.9913902724663605,0.37044623496647333,0.6097818603703219,0.5996344464190716,0.40358506529460825,0.838199184455003,0.5124080747960733,0.6567502403936659,0.27034859049558435,Medium
0.5452331629069003,0.4679118789291613,0.7545256272038171,0.695571739780757,0.21031797583162037,0.6504831598158108,0.419482463015049,0.7774449756018771,0.822760243032332,Medium
0.8032813284435272,0.3993803928326957,0.9553964350282487,0.6346686766227944,0.6322395254091997,0.5920223860251068,0.8460117373420075,0.24274459476376634,0.5183239230398234,Medium
0.8569717691972305,0.5435589881075166,0.3448044426260346,0.6615824511631577,0.8809205883407853,0.878225543994456,0.8339981823963779,0.8927836832790356,0.46180648156201864,Medium
0.5425825263954398,0.6152456852337889,0.8773202661429054,0.7516167433859235,0.9661053170180705,0.7370789729395398,0.4816337406589858,0.8846591749707088,0.3144341058114054,High
0.8369298091671158,0.8241784358743145,0.5046681772885352,0.47225720790236714,0.6525959604906314,0.6128947760753145,0.9016473404771685,0.12632255473110324,0.5809685866315925,Medium
0.620669879631552,0.7558033094171719,0.6107436181544644,0.6710903550955586,0.6115690621919154,0.8083109890826375,0.49287162090766723,0.8432350755082864,0.7298891177035978,Medium
0.7793834983561476,0.7346499972349018,0.31533933014250626,0.4660988747487922,0.2680451083913929,0.520166926069226,0.5807053521984153,0.21598288072610067,0.41093290496275825,Medium
0.7801178264565368,0.546662462626758,0.5107322544840192,0.4888840922410741,0.6390982412340798,0.6630851270641267,0.549386139496819,0.4016069688332278,0.6292191930082921,Medium
0.7214648104448551,0.8890132871593319,0.6518418698410913,0.7504523185672741,0.5039832631723158,0.7342784972955674,0.6233842591438287,0.769157430662447,0.6993129211553037,High
0.454173862032645,0.6299010171787152,0.3393232541432073,0.35319826782354957,0.6857082247068615,0.573979167054703,0.5527982595339771,0.2446839064434774,0.7111218170152859,Low
0.9011814973535428,0.985373456610608,0.6437670105682156,0.7492030646620071,0.5109810783012374,0.9923272387954198,0.6933705558630712,0.836170321707156,0.05196609813118025,High
0.5924680389830415,0.7438994968070157,0.948977440200899,0.8156242091172741,0.3922392987602934,0.6045486822948072,0.6444447288128112,0.8489207601619677,0.8597478056850669,High
0.5119111062399125,0.3883853190951519,0.37377525267546363,0.4414462195616386,0.27597222018270123,0.5651765650216327,0.991941694467596,0.5567209603847526,0.45825331476504794,Medium
0.4244650849328584,0.7733242934528037,0.835108509652853,0.527103517100834,0.45193475567111663,0.6017674369434483,0.43355581007693544,0.10574728454515023,0.26241608169621444,Medium
0.754535765912945,0.5275728108021893,0.5867697373631948,0.5210141155280074,0.27731586743020187,0.8845305665798622,0.485308825832411,0.3583343198574215,0.2417645074796816,Medium
0.8065386171053694,0.7804290376802682,0.7586216001670365,0.713805799067514,0.34151756065918715,0.7127528296359213,0.4316955363451615,0.655234226538168,0.48301411284395046,High
0.4099526973567137,0.348748803713684,0.48216561858966056,0.5006220033217409,0.9898689268636367,0.782707969876269,0.7755047169894255,0.9830675602246811,0.8868315394689592,Medium
0.7072558349795686,0.42241700602317156,0.4116445837789508,0.45284184533788635,0.5552828455252949,0.5105045784931803,0.43270556644823177,0.6686321743150015,0.3783475816826469,Medium
0.5358974651187628,0.8990160812340504,0.4123238299898585,0.5320166604668704,0.6254974132040132,0.5172156542866573,0.901863842425674,0.3338232229577438,0.7497257467835433,Medium
0.7871036742456698,0.4590256899164604,0.34934436195020124,0.6254070840731619,0.8988948229897724,0.722912774913508,0.7071631784091568,0.6706051327896502,0.0968187309872186,Medium
0.5046198574029949,0.8859287876700579,0.42995269343087006,0.5266056529649742,0.9964551203925502,0.9083276216008118,0.7162045747489203,0.58598684174427,0.4760567021510618,Medium
0.8145626428614796,0.4954932619180873,0.7649535694922778,0.7386158135920056,0.6661715594757452,0.9426194393537826,0.7369567046273166,0.8018608556360293,0.9916861403927356,High
0.6320412077803225,0.7500173370410953,0.9171834282904556,0.6538541455739674,0.8499790568353374,0.5433532837978201,0.5024882237837265,0.19628257494426257,0.770437802792337,Medium
0.9620379932420408,0.7859054014568816,0.8698879799138133,0.855359439976724,0.46155281946934024,0.7691815510505113,0.5186141818686926,0.7849251122518252,0.210528488440613,High
0.482512566487596,0.658858327201537,0.7795940169121388,0.5324416465395856,0.4445951659578329,0.9566148431396353,0.5912903937238028,0.5871399208084993,0.5014414736979107,Medium
0.6046398106301552,0.5137174736877119,0.37730230438777185,0.5656397458643153,0.5221629767956482,0.6939863771989432,0.7560978494931109,0.9666928034730952,0.23362476364856655,Medium
0.46808411274435346,0.4488510634597673,0.5024312124071648,0.4628489453887181,0.7380058101389193,0.9147829157141842,0.5260706655641287,0.4076849494348175,0.40956092726250926,Medium
0.9548161709671377,0.32323254819369834,0.5168648127257283,0.6674637286679448,0.7457533514040791,0.5668478271997182,0.4697990362799568,0.6693597038205533,0.7800840237349648,Medium
0.9264036120285886,0.5127624808685066,0.47496986247833484,0.8341373542643452,0.45219154771956066,0.9676972448338994,0.9820701318510593,0.9388252949590157,0.7712248152904037,High
0.5547649766290934,0.757213953371898,0.6605039617968061,0.4905030311590614,0.306567939309303,0.8757116587656513,0.41318908888577377,0.19225875519161134,0.22810037790238513,Medium
0.7959904276205074,0.9568133729139379,0.6748876704157707,0.7359944164027181,0.7059170051724069,0.9706671963934508,0.881618443201613,0.943505638512806,0.9222233181548601,High
0.8903333201207295,0.9098431375841363,0.549820182619777,0.7201498220520306,0.3026606897510116,0.8383086167762532,0.8728210897450133,0.719097150070732,0.5925681827648268,High
0.7331204869596775,0.8362453435747117,0.5476524111155052,0.5902962271600588,0.6627940065834641,0.6817019659997134,0.5783284683070576,0.16105335319465472,0.3799242909620145,Medium
0.7177903470136039,0.851913140277309,0.8799889185342569,0.696668697131922,0.7547377024450472,0.9690905862623612,0.48137596960438805,0.37086721025213465,0.5019355807808606,Medium
0.545111374540271,0.7654894324331967,0.8525049938237799,0.6853475779341114,0.7604891971155614,0.6377833881545892,0.4873771880232541,0.7373548797807534,0.6050712534377437,Medium
0.45586166068353956,0.48220080029620205,0.5154570821765219,0.48891780627608494,0.8027776885276774,0.6660862610308662,0.8184589703423155,0.16061554132189454,0.5598905318457854,Medium
0.938329454771996,0.9350365214940808,0.9396519107112815,0.8834119209125507,0.8982875372525316,0.8504042090008701,0.7856839546517043,0.6239534141586459,0.4864050355361782,High
0.9402508342979983,0.7695126183340838,0.9669705119017542,0.7284414833693892,0.5999671935718307,0.8826581497626931,0.869647404550832,0.41129475125766113,0.5049328040894001,High
0.7798608743639608,0.6923084416863079,0.5287197794210285,0.6813666169663384,0.784199351623657,0.9647017419245769,0.9624887034394628,0.6588239659907293,0.17641191042788618,Medium
0.6034178746292205,0.37769262844943674,0.5480974641551384,0.5109669165284765,0.6953381882926695,0.6024012045281048,0.8151564179599552,0.14116783043126158,0.8127329043046794,Medium
0.6095257447675966,0.6129388806644978,0.6539439073953712,0.734410831809029,0.34931195183814606,0.898999017609612,0.4935109219308661,0.8843831255371386,0.5417603199410154,High
0.8355734073221437,0.6222507898413483,0.9587845687735714,0.8439577931164938,0.22055171589552655,0.8692730266984817,0.5460655700592464,0.9761400722596573,0.1310798617047031,High
0.9382661559715463,0.905194526665869,0.9134236031996181,0.8896119574643481,0.427633108541547,0.531897278126799,0.9053162385238688,0.9719900697571223,0.7661571015827779,High
0.9322518545590703,0.6826537541314519,0.37179757380851286,0.6938807809326909,0.5544269650700955,0.6936115706051035,0.5255836455005252,0.7746866485686322,0.9324439783773508,Medium
0.8679253275145743,0.5662803842792867,0.5749115202899913,0.4820534221984691,0.6936847555429251,0.6413827285300493,0.44351339017268887,0.21707761611756876,0.9473068992369621,Medium
0.7852189876925726,0.9837602299574615,0.6873598328248403,0.798630720494431,0.8799674644025643,0.6522452121770153,0.8219680324253502,0.7824368763361204,0.36901773241117275,High
0.4504839789970293,0.37750441532842094,0.652192730786078,0.3680710372753351,0.3569965733649325,0.9914734397773504,0.6415158132940852,0.12212822481292136,0.13551687356075404,Low
0.4969772284567683,0.5957838998183612,0.43570414755582487,0.4573400931970492,0.3004398319187817,0.8213887067399639,0.9520240315275421,0.11991119637609754,0.5183996266330652,Medium
0.9391325131162476,0.3294172726199837,0.9011717398177082,0.7091352123813174,0.9707839579794622,0.8588380788967498,0.7901530426561969,0.3912491972345872,0.11260922934922069,High
0.7638574357957539,0.8179328845368512,0.7738585480977861,0.7408234987792905,0.2864356475011257,0.9883088186575046,0.4542513866749965,0.5397788713641992,0.9339874185126172,High
0.4055182309699778,0.9426535865394055,0.8865358623962625,0.7861442033330552,0.5827928560857514,0.6886008912288193,0.9687139403521965,0.7933666760270138,0.183579627355146,High
0.4608829257196193,0.49602613068534257,0.9011349955446304,0.6359361619473854,0.6684509830346415,0.9009200842264029,0.5551343581841476,0.7149658389458546,0.2527658599511641,Medium
0.7981010614648335,0.9008391737593846,0.8238490975660178,0.7963821609041281,0.6330995367259507,0.7172654816522477,0.6023274942437715,0.5013124357390735,0.40663652688497043,High
0.40303695030773123,0.5045527613233284,0.6074474208748021,0.5533066254266452,0.2688257256263546,0.9347668359074899,0.6413562482101253,0.3462639996534993,0.3831644685591258,Medium
0.4964848308504992,0.9375391131507407,0.7273827285107972,0.7749199750816729,0.2456215312028955,0.5903287706556516,0.43073457784258795,0.99741205014194,0.794662892397889,High
0.7292402736199517,0.8277733325177488,0.4122557842838202,0.5048411119917449,0.28438674196882857,0.9738430885321399,0.6979092533383628,0.48356317201237564,0.45631682055096234,Medium
0.815137118615616,0.8634347437890071,0.7715517922324353,0.6877984702268461,0.66847014709809,0.6093858542054398,0.47399109464517536,0.506248321896708,0.1707682600033369,Medium
0.7911767557015603,0.3126045889203181,0.42547727901749655,0.4713024836329046,0.635475910107457,0.6631102534904658,0.640582196013011,0.24726143907250228,0.2672098954860741,Medium
0.5345615856763359,0.9739672499518182,0.7857647133571097,0.6978442456288321,0.3869926336293954,0.8780961170533903,0.6104258727952506,0.8153285938749364,0.509113385187522,Medium
0.8273075328085215,0.8086696944492262,0.4607187125277781,0.7519720229919631,0.7102193134764734,0.6968775707827033,0.863704050055902,0.7243140032033397,0.1474539174261349,High
0.5423494524980801,0.5133257667702933,0.38228591010515395,0.46238983760843005,0.8560540016445195,0.8041056883832234,0.8819023069796387,0.29869265150988433,0.6116556756460141,Medium
0.5952398188955607,0.8805762654011928,0.41569914310007017,0.2972341681779891,0.23326316787727502,0.7222867505347143,0.4920477294334528,0.17414294105425843,0.5657473065511459,Low
0.8478948430708144,0.49706483889045094,0.30139449465334917,0.5807753925998003,0.5985039548384339,0.8711849685448909,0.6199307124275357,0.7124493718672418,0.7147023163822577,Medium
0.7897797394283288,0.9109276876962895,0.8031177324974712,0.753770087716862,0.7514483296821524,0.6141656261843054,0.6240118966190991,0.6890600928530217,0.9377046153793677,High
0.9095340462965068,0.3788062732883559,0.8126807343408653,0.6315975497769845,0.4018495416557497,0.5292289936184384,0.4908462663616511,0.3459335742983884,0.9122545611011557,Medium
0.7945677353802061,0.792580184222557,0.6604533449392815,0.7561080108073645,0.4462167242345193,0.6499646987365331,0.8790721030307143,0.9557772060253693,0.9460756180688313,High
0.7409851620012831,0.6784889336514373,0.41295396073876856,0.5356825244746443,0.6909103223915071,0.7371543324342151,0.824336997001254,0.23595210260281022,0.24471559702370094,Medium
0.4562048606968555,0.36757412913680854,0.3584880362574828,0.5033577822320859,0.9183482347549896,0.5840100260963392,0.5142290717782209,0.4891013209383417,0.13156530663935462,Medium
0.6206294818356601,0.4693256797811873,0.3133902765061009,0.6056099353429585,0.8479395362423194,0.6773986448281943,0.6200331451562795,0.949254328150839,0.3022767004964485,Medium
0.5591214206090352,0.30868282539412034,0.41602372387565445,0.4472733164788464,0.6665041752796668,0.6999915091467843,0.46348301491390853,0.4777545852335101,0.8950851727663146,Medium
0.5463937860274501,0.6281375758251541,0.9235988744882027,0.7400086654659183,0.7841773742057994,0.5286959218441367,0.7769239582558264,0.6746733528976769,0.9720534746234882,High
0.9838063328514673,0.5108856825320003,0.4690757891911772,0.5756991379556862,0.49185797616623894,0.7916536240921023,0.4728231547291718,0.45783495816651487,0.859324951070476,Medium
0.6358586348000562,0.7188502390084311,0.5479899290520509,0.5226467907469788,0.7127724224790062,0.9421717139856438,0.9915605011749506,0.346793682113803,0.1100177211275436,Medium
0.935227933106268,0.5080664653960321,0.3737418391369332,0.7160710059640447,0.5729452729020457,0.5758714564765262,0.8684092448127174,0.9855798831638454,0.9474279980597932,High
0.7786831755983578,0.5099433780548892,0.45565291332371916,0.5556163621481924,0.35194890916604876,0.798904006700757,0.634143129750397,0.4684006056835387,0.423358027350786,Medium
0.876886782124989,0.8202352391121224,0.6634571995461436,0.86823173191747,0.7613906191018058,0.8323696024554231,0.7471383593676126,0.904689283311221,0.009310290762353679,High
0.7015822558631153,0.3336999851848474,0.7254268781669568,0.6466919723699059,0.6451717098790577,0.7096673402096442,0.9468050897298452,0.30695914530197754,0.4423937407481936,Medium
0.7461423307758155,0.932026496634391,0.4717466199163477,0.5071750870054795,0.48689726556287316,0.850548793682135,0.7324595682374957,0.29179423362257495,0.04606916967546759,Medium
0.6955106162913183,0.8965847120738271,0.340412511457582,0.4926135830453472,0.9290713520629046,0.705365771745506,0.5046990918387732,0.12802067459606023,0.5438779211611176,Medium
0.5171457926788268,0.7674632782584845,0.573723008389179,0.547254371233181,0.2167472942613866,0.7523186439887175,0.6272220133486957,0.6865001428382965,0.3385540274370513,Medium
0.8334712691569033,0.7152550990751689,0.4639423596484339,0.6112398940016104,0.4526185209995968,0.5036765222772135,0.9058869190178472,0.43167370935138505,0.47343493359404876,Medium
0.5684634174645135,0.9246117486977565,0.45368774626086134,0.6101961122206871,0.24550511822211726,0.8458600570673445,0.7865278095937707,0.8779224248556733,0.613170360743117,Medium
0.41458957985887235,0.4297311256701001,0.9719039618994185,0.6265498072192812,0.8132218529773019,0.8306713394723622,0.7904346306002802,0.5258889160224015,0.8688010958178203,Medium
0.7872833775443007,0.35527841353358003,0.7314103401480068,0.7899128670649094,0.7616859632910342,0.5192004386631723,0.9200928914130935,0.9713740851232495,0.6619015764719286,High
0.5062664076442294,0.46765711893667666,0.6898149102204671,0.39254237709850004,0.4650817749890537,0.6841250536975665,0.9363838344775028,0.266972964132809,0.4340488684781807,Low
0.9642751506117486,0.856204795090133,0.5910425724663253,0.7028521373059939,0.7405303217656585,0.9895159203958337,0.9518755430676618,0.8817608511600497,0.8194278536703651,High
0.9723571462015524,0.3242691867085383,0.6002610334011009,0.6765323721364099,0.5167497809567598,0.7103682812843084,0.45690951595189366,0.7989371675125676,0.9055821375731322,Medium
0.9489186341322691,0.7079647845584427,0.6786335026866566,0.7772553663150721,0.8050030331379474,0.7509727025659209,0.7264756011778606,0.7938296601796468,0.11975996643219722,High
0.6220952201532667,0.9968062613339168,0.787500864925275,0.7667178928522994,0.5633469301893649,0.9549650790798593,0.8443057127309912,0.8603049053051989,0.5319329775527915,High
0.40927396991732046,0.8989872656862776,0.7915022673272806,0.6352368916100118,0.5298237822653324,0.8586309379328783,0.8541561070762083,0.784921591848699,0.28451195974244414,Medium
0.9569911375526352,0.6650119823305125,0.42018573539381465,0.6155600960701887,0.9477839323906407,0.7910350655621118,0.7640297211820024,0.6635982894682738,0.0470611978769474,Medium
0.6569104889903886,0.3445486365006496,0.6500789264536389,0.5124939335984614,0.4007032799125602,0.8989023406705363,0.5000724011102046,0.21812038991414884,0.6685466951139853,Medium
0.9799928914262017,0.8819614600699968,0.5883706665238713,0.6102724467106573,0.2963578719972524,0.9321831332279866,0.8784523323649986,0.12927356154212674,0.8627707774592256,Medium
0.9781719862535517,0.7192849557240473,0.9093688763885688,0.8922066739736734,0.6676344906075666,0.7284440358686335,0.8320668001089675,0.9287630630341182,0.16290265447739405,High
0.9118056732804161,0.3804530979416968,0.7419932448528634,0.7730490356056088,0.9754574498273432,0.7375541824659178,0.4516814629294218,0.6549852830686642,0.8124136576239005,High
0.5766693352417515,0.36570009937634934,0.6727528464911872,0.6704859781898209,0.5022713709817493,0.6930254678259179,0.6782858948046258,0.8168835618785587,0.8533957335369416,Medium
0.6310586371611552,0.9367387736056145,0.38077624952524214,0.4868278310498458,0.24962941090302523,0.9833530700092303,0.5043864397130822,0.533370116361295,0.9143404426664835,Medium
0.9106820029101141,0.7684401840566548,0.7239465225263879,0.6034274637816538,0.471444213847654,0.8485831271451751,0.6024862274277831,0.20557737006615504,0.2652850890860524,Medium
0.5901532030937666,0.8805007595217289,0.3820427339761634,0.3735988677867174,0.6047453234556468,0.5416115331040361,0.4108486553234113,0.2126672129822954,0.9039530651898893,Low
0.5016956480116556,0.9152852301975871,0.5360446028960264,0.6018153200602581,0.32953840530577094,0.9314798116565093,0.640197921046455,0.7170087585060743,0.32066275473643224,Medium
0.7340807574750101,0.7002406464338256,0.3999893753700323,0.607080751188288,0.7264817744451937,0.740279970418134,0.7299261526937263,0.48727530540951647,0.5523380134555028,Medium
0.9616928644964686,0.6622124462285288,0.7844515529170581,0.7259978821314618,0.9981995112081605,0.5343769532112437,0.7717495556962521,0.28047225403030307,0.05050747083228213,High
0.8176178780049839,0.6012991872246931,0.4443764796853068,0.652868790919222,0.561391580785155,0.7748586275816556,0.7980942070772261,0.5424350920672932,0.043881088368743604,Medium
0.7420367020536189,0.5218626114537834,0.5743015612316182,0.4951797783014063,0.48378284538417016,0.7085821394878511,0.901774787861476,0.1577880433676207,0.7203732127322029,Medium
0.45830589626246115,0.6042171726010982,0.926972344333145,0.7522638260773059,0.5205633334675733,0.9388747024313124,0.5292777443654381,0.6237742617229589,0.44447997797779104,High
0.7690043360195018,0.8417157590111095,0.4430214683792792,0.5071085635222196,0.29211694271616095,0.6019973018046937,0.4722890934630808,0.3420940639915879,0.25629237536921756,Medium
0.994032310062558,0.7213464017105921,0.6554635447711453,0.8692604538393205,0.906618881140979,0.9132323047460915,0.9109223031387554,0.8178031905734693,0.1904134960249102,High
0.48405040914191444,0.9247663029683921,0.5934901628162154,0.542038283164229,0.5318605244170815,0.7788443455927263,0.49396768893558995,0.37932576303121646,0.6699534908592181,Medium
0.710997791418242,0.6103660100654313,0.3126868287320108,0.5501964304770939,0.509819529139873,0.5273051516067345,0.9848560488017172,0.5096981341736211,0.00040154402533987277,Medium
0.9264238431567733,0.7249627051031278,0.8549306795009688,0.7400407744610001,0.7277522183443794,0.9859226506627423,0.9055229376391822,0.11045848591729057,0.8058911691968542,High
0.8444611706525227,0.741915287164392,0.3483321344202198,0.45933681323266906,0.5536267367448988,0.7563076220516,0.7005259635337595,0.165202199015103,0.07924960612992882,Medium
0.8182094445971608,0.7141880136144279,0.6319785146838675,0.6658556514889159,0.7185867750462769,0.6454384271157912,0.9888528549532152,0.45324420076601635,0.19148961490811944,Medium
0.8214904503922655,0.7918436411598614,0.692474806457265,0.7186571990046215,0.24915703210463003,0.734703420994629,0.45842603746480254,0.5319449512454112,0.3862363952990896,High
0.6156946907318531,0.46620342786236435,0.7398985196302109,0.6537191345176632,0.8509786749777819,0.9289288917587445,0.581839456705061,0.6400184933073734,0.4848587397161036,Medium
0.5761551065586961,0.6586546442820534,0.7820421405155129,0.5661575915710537,0.9524031623035221,0.6524515621925318,0.7829346490243669,0.3624963208383729,0.35499511581394183,Medium
0.8856166932871081,0.37295736196584334,0.4772906684659005,0.7364429074253596,0.7190123089275089,0.5963381982433502,0.6100041210839072,0.7254836975138883,0.3207121649842939,High
0.8860680368075085,0.5691579293513688,0.30698514366091456,0.632647330442449,0.9636527430870487,0.5645356234654407,0.957023531188475,0.8741101574702841,0.9639160120731884,Medium
0.9202433911480622,0.641366948034885,0.8064105636484384,0.7768594205780682,0.32114585149597064,0.6489296991951057,0.43937565290669056,0.8018658900040149,0.6415796812433943,High
0.9479443315338828,0.7565569816818307,0.674959619543305,0.6587740030320961,0.581932951584283,0.8900240435200217,0.7296470992365787,0.13565694281352145,0.02343295536738821,Medium
0.7068054393165627,0.9653717368103425,0.8852823922450741,0.7222347241562455,0.6814453871563578,0.7358131825976308,0.7545197604370687,0.5324562525320461,0.4301759084443132,High
0.7009097768123198,0.720455746583849,0.874971854030486,0.5895348830246661,0.6653893179369494,0.61374080184677,0.7916368742663344,0.1944371605763574,0.8750086997439702,Medium
0.8789771073800651,0.8205157413235917,0.8903283174515182,0.7153373579877301,0.5211694232712346,0.5830924998048745,0.5533997339990887,0.31784051427627474,0.30145618641066796,High
0.7899783584666591,0.6543862416466419,0.6395662619856781,0.6590881203427181,0.47046752749300913,0.6663647382551896,0.6187398565119187,0.9879963339404318,0.09455634477438823,Medium
0.821180126354622,0.7438728219634319,0.533539877085806,0.5284118345487101,0.30145921804033504,0.9699621864428545,0.9062083177989866,0.22824598861136192,0.7583847715899178,Medium
0.8774756016616606,0.34965255129364137,0.8540907418139589,0.7104118839305033,0.5133939604498226,0.6715133562950122,0.5169656613820959,0.5489993381062205,0.6060138319360813,High
0.9340032050905398,0.47807410658929284,0.6159058791204783,0.6620750227689435,0.33012865208438813,0.9940620379773177,0.8961207083040172,0.6563401608863072,0.5703125078265039,Medium
0.6027970941109215,0.5532971652435971,0.4284095374824042,0.5079688344252926,0.7874925411937748,0.7426152278826781,0.7375932537416454,0.7322184734896936,0.053576559607407925,Medium
0.6253497715839664,0.6307453485045595,0.8984818136930319,0.7944618383101728,0.367064748395672,0.5895819591450755,0.8573125067164493,0.6036838151382227,0.14049900979551733,High
0.45638916390452144,0.3319541218516686,0.917791913740643,0.5318265963413568,0.24685224422762708,0.9455700458967546,0.8281644197580829,0.1087937626772653,0.6225493962131138,Medium
0.7469680845977045,0.39801686828732236,0.626416829298119,0.6367725846198357,0.6418929102537875,0.7301776865674134,0.5245068972309275,0.3938151774195927,0.2078238414588358,Medium
0.42156536427804525,0.493770015453914,0.3529898091168512,0.4565933862462286,0.6761837861755213,0.8548356717522623,0.7412876418603238,0.5659404790462403,0.5040700797484243,Medium
0.6793588108794761,0.9800728836307353,0.5714782629418518,0.5255740228270391,0.8975304490244045,0.9918557916045758,0.9206338916830554,0.17907984923035003,0.5448816860293935,Medium
0.725586780824546,0.5319429049721355,0.8624763616238222,0.6835712303660494,0.6615852899341454,0.525087675159987,0.6592697420811576,0.4155642380882627,0.2835071902709394,Medium
0.5719247512769706,0.6374287406784578,0.93124181998236,0.5985607617343497,0.4763846829787566,0.5483472798937836,0.9799544621339901,0.12988279791222992,0.9484251555414929,Medium
0.7544999563414065,0.437268398916875,0.44243091974831705,0.4089566702962959,0.8424095052210565,0.860228370731378,0.6713290600610309,0.17072064743951867,0.8424641068355752,Medium
0.4183001499634297,0.7275460497530377,0.34688152841769004,0.5215148448264485,0.6322231145499368,0.6409125016477359,0.48567138200073084,0.4572309485814364,0.7223735076327985,Medium
0.4224089132495287,0.496478250861182,0.914145317192987,0.522682254056136,0.26342422770495344,0.5921506984750495,0.633660808046604,0.21944417863875432,0.07799386640940908,Medium
0.8935603363957949,0.4448948049068987,0.5725834572852126,0.5654742240429914,0.6526804482505973,0.5196809399098647,0.9710214438343223,0.6107867634354023,0.10613001930901944,Medium
0.6161143848467577,0.6616008399121853,0.6792326749872942,0.7495646852569366,0.9264148363373299,0.5109233559931009,0.5918325096039125,0.7205184722235392,0.4927813458649557,High
0.4762363075911309,0.30385405941229454,0.9776460684355313,0.7196213477367447,0.5170501003985765,0.8872428015598954,0.9208588959202377,0.8205280291981746,0.16071334919098568,High
0.7133459560328826,0.3053648228544577,0.346595309539956,0.40244719468175655,0.4370606415198401,0.567216713684775,0.9287504090091339,0.2801352198203291,0.9782654635294741,Medium
0.8619961318591665,0.45334816637130043,0.7538226052164668,0.5022305305021983,0.31477556561441605,0.7338603079855754,0.6101119145991767,0.25073432403316276,0.15852023402740945,Medium
0.529492616498106,0.3257049537505748,0.35187379580240696,0.435755236229544,0.3211564175482859,0.8029484075897415,0.4499545948303793,0.19411105630096023,0.487467835463974,Medium
0.7737342854914002,0.37561802789148396,0.5628282499265502,0.5620689207969922,0.5462171874734552,0.7141759002844231,0.8347347454952909,0.672787224589273,0.3641210568415054,Medium
0.4512084789962608,0.5372024545371261,0.8626701816354128,0.6959485792570752,0.6765438593292237,0.5135533261681166,0.5869073794083917,0.735828153838211,0.639386421454098,Medium
0.43100903270116464,0.861809975705869,0.603430562928944,0.5180337244832529,0.2644923241356814,0.8917507512939544,0.8697541685545435,0.12842753034307783,0.12903640888942491,Medium
0.7188127789408888,0.7004340503585105,0.9980276477320653,0.9007116285940564,0.9516548712201327,0.5052566122708267,0.6655929089562599,0.9425910216193208,0.4303164280423909,High
0.7243810729660639,0.6588674081694914,0.6913414994626215,0.5612066504121376,0.8041068939561569,0.8809449471887421,0.691160045405573,0.14677415528632518,0.27470503280714365,Medium
0.782457940898924,0.5054421762456851,0.5248135068451674,0.5292311546623346,0.6692991346269301,0.9466522468940614,0.8667456440491221,0.5871667017709634,0.887751524671688,Medium
0.835654800233597,0.9522276036029713,0.45407792813332715,0.6399418171111814,0.8627509367511927,0.7164199605285861,0.6294179986369768,0.7381544675058248,0.040585712134695084,Medium
0.9855112476775207,0.5779105288660341,0.5453643740003132,0.7226301936993846,0.2641494054496907,0.7677712365488991,0.6658764071937487,0.883872211371477,0.9137274940064593,High
0.7097802089807173,0.36096493675704,0.5607732916316855,0.5809933129457976,0.5814711021864996,0.7384916963088268,0.6257142812617733,0.742678238919185,0.8329941385530004,Medium
0.5937738837647476,0.7319465612824609,0.34809957440677264,0.5955650161469925,0.7040745014893308,0.6946043093117193,0.620404309166368,0.8215552747628126,0.29757071644081545,Medium
0.8771117168612221,0.37968687543362095,0.5587019395987411,0.6233246870898297,0.8629223248946314,0.9437122676851801,0.7155679461408757,0.4055051732885254,0.7892906546771047,Medium
0.5624993507572446,0.5416561999611844,0.6249669638174574,0.7274674881036531,0.8267756480394142,0.9469667553349952,0.8852796667006904,0.833342602371861,0.03121356033874756,High
0.6633828524233817,0.6551883571024661,0.8059164265671632,0.5139188473855607,0.42165539977071975,0.6679081823207673,0.6170609871535395,0.17210336174620763,0.9668655502933936,Medium
0.4470738288053596,0.911955767279623,0.7597106393051256,0.866037965006895,0.9527041356473636,0.8075348770073489,0.714552832322642,0.9053349904544749,0.5265949425897893,High
0.41521044604927454,0.645482606238083,0.796135958660408,0.667915840647616,0.2994766731446963,0.963453781072932,0.8024363952655604,0.5928331385383626,0.30328102606544527,Medium
0.977589048806755,0.791581136222165,0.30585457731379995,0.663619844135461,0.9001068948969217,0.9810292494706758,0.561663667782193,0.8355679929662443,0.3625832125946771,Medium
0.9015880723073235,0.9949717872993491,0.4523671797063752,0.696555043390337,0.976752199683695,0.7544795202110237,0.5665136829414356,0.5070864560664702,0.06640535346049736,Medium
0.8175845236562188,0.39204238392858715,0.7631790018798995,0.8229976985408928,0.3417228185781005,0.7264124026421634,0.9600478762140728,0.6792199256768725,0.9893495140420392,High
0.6453717666485619,0.49231206786366366,0.6387925577258229,0.5539762287459828,0.7776528513630283,0.6393471579642629,0.8341207439986531,0.5737623948425019,0.03929194515069245,Medium
0.5039765920425074,0.5762032529183525,0.30371943296784215,0.49198897654728274,0.23222841502239877,0.979435936595205,0.7463120057339854,0.7584305695797987,0.654907123147859,Medium
0.49386222560265164,0.595279724977182,0.8631462497022755,0.4504952826154458,0.524338260111324,0.5714071522364337,0.7886320326523673,0.17346698382753062,0.4427359277064583,Medium
0.5501457388987572,0.587714752685882,0.840966701303236,0.5628810792957598,0.6130266393581392,0.7899147880238625,0.41757966586205103,0.15431687559150742,0.9489162181887151,Medium
0.7295359988236723,0.9353277017895885,0.6838934140954938,0.6494395026288924,0.6645161807277074,0.6412751337593194,0.770861779337018,0.3223929106091318,0.24599974030679517,Medium
0.8287575536200373,0.7998228511267995,0.34652432804339045,0.508679514031872,0.9487497985988476,0.6395041451738983,0.7057053239345212,0.2435902121018695,0.5320868239380113,Medium
0.7961184260306388,0.7255336498634926,0.8365605346728091,0.786260379146441,0.7378005498353557,0.7024842936880942,0.7274498078676614,0.8846052099329815,0.48235620858275297,High
0.5679603381675657,0.5165609025039475,0.7085995114119548,0.44513924107792974,0.5850223609753896,0.9993964679078273,0.6156542960984903,0.2972925886222399,0.7028664440501013,Medium
0.9729191683979165,0.8766532689549063,0.8473719840105713,0.9069069400906907,0.8477400290127115,0.527483153419911,0.44888433862776517,0.9782787302372181,0.06801023195242051,High
0.8427381500174611,0.9685423580394923,0.8262228946770882,0.8019746461352255,0.9604262567635271,0.7892709091017658,0.5160035401672314,0.40320621259399614,0.19378913002335485,High
0.7326124315068404,0.8748387977851586,0.862101450370486,0.6315724692965116,0.2176529189458327,0.5412860790176386,0.9704468279276031,0.2639061241198294,0.21456482009284983,Medium
0.7670324477406114,0.301095573634031,0.6626056464832373,0.7216750214972432,0.9860170178048311,0.5772604149952595,0.6452197373625603,0.8107286564282312,0.7381507548416897,High
0.6517600374566739,0.7454809591283849,0.3982271627354605,0.48652742441575225,0.2689057112509443,0.7197814708864494,0.6800098934985186,0.6928369979507885,0.18913869632674007,Medium
0.5486385937006945,0.3357947670094705,0.769810231365782,0.6368522306720452,0.8515094234150091,0.7552300656732207,0.4316258739120634,0.5483761448078251,0.5734917638909767,Medium
0.613583607190757,0.4803250542336053,0.7343316495363794,0.6003933652613548,0.42426780204113,0.629396204182262,0.42253973772638836,0.5998271958438681,0.2152438205009537,Medium
0.8547076662786215,0.34166729024344017,0.819577231039361,0.697462425446516,0.3057437262030974,0.6582285654372081,0.8303088682280546,0.7472816004450374,0.8616249500839784,Medium
0.40863609317785354,0.7226568170645714,0.4189167042355147,0.4027349470753804,0.551884511771068,0.5434835101279665,0.7228567984726668,0.30560926719816883,0.9421854544896385,Medium
0.46964358430414976,0.7806129394448247,0.4364826399302024,0.6252729294963921,0.715165263558091,0.6516098919221253,0.70522359052976,0.9967005244510677,0.5184929749422404,Medium
0.4276015852130517,0.3801413466461336,0.9232866620535298,0.7626667204072312,0.50476147601878,0.983279219690272,0.5458747182536012,0.9773138459321048,0.3523088842091783,High
0.4244372813913821,0.5686872181314856,0.8249844589164494,0.5907409963606728,0.24365232662615918,0.9723536908362409,0.8468504389779534,0.6852931177122432,0.23405777501749914,Medium
0.9132763504066044,0.6193655562688793,0.9357599420902261,0.6811746332800563,0.6795689117269733,0.6674391450684924,0.5009419474650951,0.2795882058362306,0.049781001523043766,Medium
0.8221947156280143,0.5583371152326415,0.8311007248147444,0.7589298473353683,0.9219226208885398,0.7854269681393808,0.5139608461966121,0.7122054181881622,0.2685000761974954,High
0.6845042974523952,0.38471750033963514,0.7180087141932112,0.47211832006412646,0.5065722927578014,0.9547976955554722,0.6764273028089653,0.16497856808125827,0.6542357799453179,Medium
0.4587004963906009,0.5932634531312327,0.7578929159195116,0.5853007452117212,0.37306622210466167,0.5030919113204484,0.5717679172671646,0.12758725198522547,0.5336169313092108,Medium
0.6949695250700993,0.8258246334658927,0.922389546758007,0.6398435689121745,0.5540618767462524,0.9053417851687959,0.5484777887398878,0.3319145996600923,0.9440412782809274,Medium
0.6840830624683394,0.3497053651732788,0.7051647281583584,0.565504761229644,0.23869016883902472,0.9741847763944596,0.787142586731999,0.5163606610653847,0.3962772624917006,Medium
0.5039211219460091,0.3561260098573324,0.7426739270298711,0.650127271796918,0.85639006758422,0.5456628671667785,0.7905830471311267,0.8814452548675424,0.6938633423283945,Medium
0.6603109895427839,0.5483399042851889,0.4095337012025204,0.6965591733442882,0.8610726487601494,0.5807238430164605,0.8947102418799575,0.7544521627896772,0.4893227474751214,Medium
0.639102840638424,0.9592079981332475,0.6317448540812718,0.7306575711157989,0.6704003707437027,0.9803731513856777,0.6506251401837855,0.768435869079983,0.5125762159242117,High
0.76951005883133,0.7680008527060398,0.8014779783706691,0.6314424576935591,0.4824823111507116,0.7687700718201731,0.4438510546156902,0.48294400100326784,0.2677743146041175,Medium
0.7810561905205863,0.7750689696707953,0.4896598888214558,0.6334473735502465,0.8398266915566268,0.5070983172358619,0.5641998309528746,0.41134149329226666,0.4549507768419997,Medium
0.42718240586322676,0.5533439935865054,0.4415779263671744,0.49542945603322563,0.6437496198306938,0.6288159993817646,0.9880032779180902,0.43393488668614244,0.47078499701270726,Medium
0.6247675687758827,0.7155625538459769,0.5196787657570908,0.7194062096499256,0.8607458468400131,0.7249718371344298,0.7577551451396213,0.9888846073624521,0.7066425217489339,High
0.7755159494285419,0.3070918288194204,0.4690504395949834,0.4433311985034319,0.7051670340664165,0.8464544555123839,0.8258422508806122,0.13609827227123425,0.9406399991861139,Medium
0.7018817551480526,0.7452672324866795,0.45043884592547706,0.616764911449172,0.827524378570238,0.8665801890683997,0.40441469777524874,0.8803283465102038,0.3293212774825043,Medium
0.9138939047129934,0.9393008633033657,0.5973955900076608,0.7273762873513212,0.6788503945742079,0.9977107564627281,0.7109234393095125,0.6208078677151541,0.042200468581298445,High
0.795216178971367,0.7288014278413735,0.9354869597184738,0.7034694247523355,0.531312854572533,0.6437555996918796,0.4225171945190819,0.49475387727063147,0.4962951255006397,High
0.49776065624885785,0.9115890154264414,0.6549417527171028,0.7843561420753515,0.96635668794091,0.7691100509342377,0.7415381272548688,0.7527318943736229,0.5444613321491686,High
0.4423412484402579,0.8067811388262656,0.4315442665707261,0.47049049191307124,0.6328910599030758,0.7666617739298025,0.9524625097816453,0.5380020472822326,0.16844055113191525,Medium
0.7854515669237894,0.38439089148258315,0.35388016856661186,0.7009716833990851,0.6840716148324307,0.7028226297236188,0.9810514783002448,0.8860809142734944,0.7604646062760667,High
0.41590678632497313,0.9317173151000893,0.7873093015965476,0.729039407134696,0.3763901115317994,0.5845809469212101,0.7243316052333545,0.9106316776101326,0.9849291084414916,High
0.751465348764078,0.3465106910490424,0.5679591351054715,0.5873435071268751,0.7005206315418213,0.9887282815919213,0.6749228831513296,0.47954883418610994,0.9457747170084609,Medium
0.9641381448549745,0.6737772307834347,0.8752816626097515,0.7767128954788823,0.6572861195863551,0.926658593333293,0.9670102565490964,0.3491450175115464,0.19710603882365219,High
0.7452845067255274,0.39949598665542035,0.7616575380485391,0.6399548283887027,0.34787071835761996,0.7491665141471187,0.8041658991980171,0.633115295734026,0.8753632399007607,Medium
0.6329019557239132,0.30819462751163285,0.8573690153789579,0.7653036435575467,0.24766967788251498,0.8016227113420149,0.4389395677230457,0.9211270110550218,0.7044936364116847,High
0.785972931065412,0.5954239820893472,0.4903622275929141,0.39353170395536885,0.6834874557718169,0.6136305267798312,0.6794353466004985,0.28959597010509996,0.4538465638069116,Low
0.6749517342949101,0.5065284953579093,0.7846512457227406,0.6571941783663608,0.8109538154802565,0.7718935351958734,0.5441470110785823,0.6606699252071345,0.540610994324729,Medium
0.727370073589561,0.6402003456583221,0.4848433892856031,0.5651173291678101,0.6187210967376067,0.8474850665607379,0.6818825928692089,0.6684041980832685,0.8496001749824581,Medium
0.9648788852659151,0.7040399207141855,0.9573479356152041,0.7784615481877498,0.3814181002557166,0.7575835141932944,0.6732793432038171,0.7598017201737529,0.48013493963837317,High
0.6316615826804646,0.33061735061626313,0.745461997073362,0.5382859609752455,0.7332175813544279,0.9951425852924707,0.7492868816888452,0.21841091661453382,0.37320736910512686,Medium
0.9767143382943485,0.3861023065866219,0.5271582601227395,0.6677139485979069,0.2640845812876818,0.8056708281238631,0.6140622942095507,0.7442424682138797,0.4932474930259858,Medium
0.9432103851736382,0.6910496775152977,0.48865830360459084,0.7460442297983548,0.5534669638415637,0.6854868562960845,0.4985622696735569,0.9181292685990768,0.5791298040350491,High
0.5174746808735778,0.5402171472208608,0.43364860955015044,0.43841245496881465,0.33069340671873615,0.8860760138079191,0.7022316607539738,0.2617147979832178,0.18907765377834884,Medium
0.4416167805250993,0.8104214412846136,0.7862486712256094,0.5519995585984078,0.3475672408479067,0.585231255790821,0.8981217306074573,0.3137889924314899,0.9009077302669907,Medium
0.460466800826456,0.7566041540143578,0.4531009290985491,0.6463659436102026,0.36183515932656296,0.6922579068531333,0.7984073368405613,0.9742555846374756,0.6741869488296138,Medium
0.41093309539092987,0.8919230540929348,0.7167122861492423,0.5497816420014076,0.5093656456351823,0.6734794751887929,0.6030207195551295,0.2628792574385408,0.6332689173374889,Medium
0.45666577645355705,0.7847449786684577,0.4852445188477501,0.6637943880668075,0.24092016449631812,0.7159035475538886,0.9613138136553143,0.8689465840326213,0.09949622618063814,Medium
0.8098040640498141,0.6009517541731036,0.763378261355708,0.7371256973237941,0.5182347527432786,0.8908899129643632,0.9473245427495093,0.5430500708032313,0.6041739381725918,High
0.44271318907613744,0.7710766356761026,0.8704578099783773,0.609210097178127,0.6093659576917607,0.7420865160817037,0.5256090396304592,0.3225079669628593,0.12096066223849233,Medium
0.5913853781762568,0.49276682197879296,0.8446176702012571,0.6897403188340868,0.5866354279730601,0.8970072251329814,0.42365055107221783,0.8836749111452602,0.07869767519539905,Medium
0.9069251865816728,0.5144194491447489,0.8325959316515472,0.6843323581594911,0.5062272803224325,0.788244451569933,0.8447852250104573,0.500774729502399,0.5273108956423933,Medium
0.41396316144149553,0.8522896119445553,0.43140568398457646,0.5207521916929397,0.8713172864566021,0.6710347173287776,0.896566156809492,0.5633356185367212,0.402785534046495,Medium
0.8886810895533614,0.6124936614811075,0.3618694628891631,0.5205530921644854,0.3162613539364033,0.9049893718417362,0.9807187395708131,0.42331003245978915,0.5888102701562232,Medium
0.56911286486404,0.8588662383628467,0.7892641799411699,0.7246910843147527,0.6045573950250992,0.6191448352765458,0.9339018364529864,0.6336557662914347,0.0892221680572386,High
0.4708988965729938,0.8756956615677949,0.5578430496560459,0.525043703413482,0.24963313356524344,0.6121914898998977,0.760320860923849,0.2471714853265205,0.4309830628472584,Medium
0.8180422992184904,0.9002936363628986,0.602642358482343,0.6237478573761731,0.2569245431023278,0.7522514620274179,0.7180314035274284,0.4519733829865846,0.17478671504515797,Medium
0.7773657080679304,0.941644665088845,0.32180436495537373,0.6599830133022763,0.6590926797416771,0.6304246229810444,0.4167046307575518,0.9724710901017588,0.9871000859241166,Medium
0.9264832081162317,0.6016896543593073,0.4817035144925344,0.5643476051401741,0.6528147399102568,0.5045435174756081,0.5479938681068667,0.33232008943101476,0.5611502124351744,Medium
0.8410426262823314,0.5232067728247971,0.3235734827121248,0.5596601884191295,0.9024268102755657,0.8241487636494007,0.6757688510397559,0.691062998087163,0.6874368609408673,Medium
0.8820885582309091,0.7075391226158796,0.9154300408208733,0.690640353792394,0.6462989405280586,0.755546910736199,0.7771023400501407,0.39267105780222544,0.3254182806826078,Medium
0.5692207435427838,0.5598206964063392,0.4703776782529713,0.5308271599674266,0.9678328163238803,0.7227589072465805,0.7343510999910464,0.7961258131179406,0.09473891477934415,Medium
0.5064637262678338,0.720751916760163,0.6901360187011056,0.48883152285920306,0.23895587871994384,0.9834842573091577,0.8455815938090143,0.21778629464651483,0.9758708627835366,Medium
0.850368850984515,0.7939101038506772,0.3272855244627913,0.6731950372678503,0.2784061478245929,0.7855995919814569,0.5678601585322245,0.9728389405706902,0.2862590353831832,Medium
0.8841008435603583,0.7818835129444958,0.7667931739139606,0.6640544184781373,0.23525268925630513,0.9317157888946923,0.7389715645914839,0.5084105872452753,0.4238081851735742,Medium
0.994303085200404,0.5621870209140849,0.5261191420278657,0.5454973625379651,0.34822148026683203,0.5697251181025801,0.4528853460344753,0.3124454170118176,0.649863921702575,Medium
0.6475706061468559,0.41680214118912695,0.928543430870366,0.6251036388179438,0.6330160887533425,0.7846032315647138,0.6481993141499242,0.1661470725970114,0.024697297686111286,Medium
0.6232108514756699,0.6013705369235453,0.921682732253825,0.6749258959878925,0.7164577451419425,0.9339898133654514,0.8500964997727606,0.2527821145787867,0.8102591305172869,Medium
0.8658477764451982,0.3998159008573361,0.5277034328532234,0.5384452746110215,0.23646812635893505,0.791552878639949,0.8160405120574263,0.5677965537004159,0.5365781900286203,Medium
0.6044821241518107,0.9230679246286657,0.9306726269833274,0.7871754369661041,0.9567767118764794,0.8590070890635008,0.9943856423033074,0.40330285878815764,0.27821718706882215,High
0.9584543953621388,0.5421142225165001,0.9973103714491451,0.9348505419682878,0.8737323013203049,0.6860217839061037,0.5667346755926537,0.8459950292943486,0.06160798529246925,High
0.9150476511058071,0.4081218230563266,0.8777909648867637,0.6533159284616429,0.4372899857256745,0.5462247585185334,0.6989135795043875,0.4877987712956253,0.16249841547444144,Medium
0.657396416425011,0.3178134319340256,0.8914099434286602,0.5579963881508735,0.2617500241811744,0.7289501475635357,0.597718248264398,0.3238428453288669,0.8950338588534369,Medium
0.8505226406748985,0.7520756704005389,0.4743061152763629,0.6847449680155145,0.3359096585752458,0.6972396954194288,0.6643618684355048,0.655430487943627,0.686024223935891,Medium
0.8527257244508094,0.7458316222183202,0.7036916792004294,0.728888873014885,0.30155553100397814,0.9335300911894737,0.9141700779216329,0.7360994951969012,0.24990172163688984,High
0.4618743213015596,0.5384229166069041,0.3470791397771575,0.27474801017574113,0.2986270234391575,0.6219976511762362,0.810525445113092,0.2503377171108549,0.06560076494502953,Low
0.94153174400774,0.35019832219335567,0.36644255577516877,0.42152702725748664,0.6148493509325872,0.983367113767554,0.929464714808549,0.2508572946594859,0.6906153123866363,Medium
0.7031514234687143,0.5867402264266623,0.9992248284233034,0.6157548180356808,0.3966779539947203,0.979069059902248,0.5221066649991319,0.13300428424018867,0.5724077259677651,Medium
0.895874479664645,0.5178522465443754,0.5286474745981377,0.6190514797686627,0.48651177322331557,0.6238158215357194,0.9240166707048628,0.7627618135590765,0.404519524458235,Medium
0.5920297606183671,0.7739844478145065,0.8237287384341925,0.7091673671008999,0.991604266707458,0.6740259777386602,0.43585736450703066,0.6974240748596245,0.36361144919006383,High
0.9373139370977203,0.7240454746168832,0.8646655371187715,0.7799425789708178,0.7474513991402758,0.9477778704369425,0.9331595682622914,0.5271677881748326,0.2168142759291083,High
0.6335210072404979,0.555215609738278,0.9006162897050605,0.8633239851042062,0.959184533637601,0.9833111104480537,0.5974442676764368,0.8597534040722774,0.6696112565375176,High
0.406502590888179,0.45252478797849305,0.9983398081815096,0.7128649096451326,0.3140452440264925,0.721719551418022,0.5887525800484399,0.8251031376550478,0.9706680277938705,High
0.9432291858515582,0.9916251763089143,0.4690475396798075,0.7229550519513056,0.5057115798660554,0.660498522820449,0.7072531460191984,0.6268189279570769,0.17571524583682585,High
0.45477200607168017,0.6178011348372804,0.3282455788017898,0.6398294912590035,0.6437854426258834,0.7630470066257711,0.9644141126339391,0.8814441524619328,0.5971166200155034,Medium
0.5915881825542489,0.7817919650461659,0.5878340625962102,0.5797722740660083,0.26140644951099046,0.8438846031828674,0.4286688188088432,0.28525708903309144,0.4241850557459762,Medium
0.9700371802304829,0.3983870773048525,0.39105646888026285,0.47586997891568167,0.2033499549023663,0.6367372576874899,0.6113385850424472,0.2007276574579551,0.4466887217446649,Medium
0.9703642881625336,0.6399127897615784,0.3156981224134386,0.4386022176651188,0.7363474670375341,0.8682365873095363,0.9139431932100014,0.34277465036529065,0.2541472801278144,Medium
0.7440627328739717,0.3192757039086258,0.5522987789990402,0.5024848905007315,0.7134556134411483,0.5258286785573205,0.63763268646128,0.15137817048038338,0.8251348756614191,Medium
0.7791023273018796,0.653818582537315,0.8486167757526655,0.767557592746346,0.5286310479996894,0.5246472463822083,0.5194941385582402,0.5780525752009288,0.4852556041472411,High
0.6690673131869919,0.9748121849823916,0.6963264838575496,0.7690214644615991,0.5917152608256262,0.6931438525727727,0.6548765087988471,0.9429451230654653,0.5434058521982641,High
0.5759264630188388,0.5689446990900602,0.5189445924472478,0.5329761550919212,0.5323544004736718,0.6767365960303603,0.6313315008950016,0.13540918660165868,0.30476091279732576,Medium
0.5971987272219496,0.3272972088024381,0.7580394038449038,0.5713723542337755,0.21920403587591109,0.6578166076835761,0.949249720880022,0.20989892260902412,0.18180846566694975,Medium
0.803511073646223,0.3216690536435405,0.46241272621616747,0.5761449200116608,0.46829728497396994,0.745509881334455,0.8571606254458582,0.5069791254550917,0.08591038820282049,Medium
0.851424717662608,0.5715907319628086,0.3100670122504595,0.6776451424087457,0.3416658043178319,0.6603667911557856,0.7030693334464038,0.9404875157751145,0.7141191409249159,Medium
0.8749474262355091,0.4120174555242358,0.835047370505499,0.6848495112249648,0.278739351281095,0.596128959234046,0.9930223400329427,0.38454049447907546,0.19623428168785562,Medium
0.8737708856767323,0.3163464674297301,0.7366201594048063,0.560920329948974,0.9653763471114798,0.6547347745443004,0.679166518765554,0.5565113278195533,0.6900753541887977,Medium
0.45472366182921425,0.8293495297651237,0.833611837150672,0.5307622979842053,0.6794877800337324,0.9874521364051174,0.43494269849216516,0.1374155731453529,0.3903764460469539,Medium
0.6966521828215488,0.6209661062173235,0.32725661168136594,0.5012169638772965,0.7829250273892823,0.7055567084974244,0.557364593088991,0.23350888086587998,0.41577480098965147,Medium
0.4345352560099866,0.5024713403808582,0.8859837394814565,0.7095573688566426,0.452290994612894,0.7223563884291679,0.6616422881315875,0.9879671106629622,0.4691774960927717,High
0.7297173293942414,0.9300582281115364,0.7336683400254123,0.7771442530393038,0.5145177035952122,0.78827249497557,0.4941415744876721,0.9686068267924409,0.3677085081275432,High
0.6649183008240263,0.3812972721403679,0.6943767454988481,0.45591884186411763,0.3895391951173788,0.9916703842071133,0.9685390757944258,0.10444598284096866,0.10061997722259008,Medium
0.9326225096549798,0.9691431802687234,0.7372298336801721,0.926707136999396,0.27757253677233984,0.6208006382178815,0.8601093386906639,0.9566306068809151,0.3096318100028458,High
0.6105490075312472,0.519776702164147,0.9051032728078547,0.7889601075952981,0.34322530995326705,0.8406410552662169,0.5609723202566637,0.6752079440339503,0.6637343606939384,High
0.47024020985656356,0.9218825706160767,0.710855554591235,0.6907486124672181,0.8380112362371888,0.8579923467708621,0.7544827201107496,0.88112646506802,0.665784401468871,Medium
0.48579500923170155,0.722060013535623,0.7066652659217255,0.6301245207302173,0.7420366441470208,0.803662208396533,0.8328694942657433,0.5092658700704732,0.28622430723999437,Medium
0.8569063790304834,0.8786951518190411,0.9934754099460361,0.7940671114178653,0.6375431007883816,0.5442891698183221,0.9647673573440788,0.5640364257213253,0.46010262655768797,High
0.7709308379897566,0.988809214247325,0.8297111169479976,0.784656347853792,0.5800718982934145,0.8384361379137882,0.9289812095052464,0.5399619222312282,0.19344722801193748,High
0.46067360567367416,0.5018838064731219,0.6096056638157947,0.6385668340579566,0.9379474269248995,0.5320473555180878,0.7091153356829283,0.700177831791494,0.21037208152983577,Medium
0.4504640836689985,0.972794839785315,0.7951779000230493,0.6188403531261695,0.2581879582229347,0.7980713247749485,0.8647915718758106,0.22568612928068163,0.023047088406607408,Medium
0.820581478875472,0.5726373264316942,0.5724613301842518,0.528169849233843,0.4244806505903328,0.8697905886108713,0.737286852296551,0.12697623088541016,0.8967465499077446,Medium
0.44365780381851616,0.5698583333158456,0.4602128237384493,0.6084250604253812,0.47995028285657126,0.6054849453099752,0.731622334027324,0.3771369474320718,0.2107066650749062,Medium
0.8931160355742137,0.538270972978154,0.7177963138214316,0.6805752888540251,0.8259406497702304,0.920811003771387,0.46884517500291517,0.734212686462982,0.22753387693646332,Medium
0.8237453362938978,0.6789853251433096,0.9497274686797659,0.6234237873638298,0.9940116961295771,0.5151769027665021,0.4756825948096913,0.2816681069106535,0.2796014326451318,Medium
0.4488092683851399,0.40790153022494097,0.9503976640108238,0.6755718056073033,0.39253641180572246,0.921906431829153,0.7177201690134745,0.7060891899924255,0.127408071695429,Medium
0.4509026284511152,0.6875980397506078,0.5393336946738432,0.5855760596121048,0.8994458673096646,0.7301645253213825,0.561316926987404,0.9729208414965433,0.6392628831813628,Medium
0.9919837471007052,0.6791933686870028,0.6693742263551865,0.5359576305565619,0.8644982083454331,0.6087939699658222,0.4126221414762812,0.18451064421047655,0.07514295317758657,Medium
0.6245624774536722,0.8333312688234089,0.4481451289989028,0.5520376334361234,0.37972591811341333,0.566889072496984,0.8337035223401275,0.7053419064026136,0.13420242632635027,Medium
0.6223852882401346,0.88355497335631,0.9969417766492183,0.6874444319915054,0.519466064159378,0.9766535837911863,0.419491958014099,0.49937519737411407,0.6447567265900929,Medium
0.8876797403545016,0.6083089452186967,0.986782535507555,0.8205870521626722,0.5277382954340153,0.5363327937905784,0.7571661046624327,0.8813280289397548,0.33966062048144274,High
0.9683491464303152,0.5116332745460456,0.754656250795213,0.6850371352318063,0.9825765348212467,0.5995467099679628,0.7235162764763887,0.25943481050264733,0.707947826701189,Medium
0.9916006382937226,0.4815344281219661,0.8630898417742312,0.7703865180610323,0.3447135211031187,0.673911173716523,0.9812888143466827,0.723363357003548,0.557424744670142,High
0.852026911155365,0.43623668569341034,0.80057011289859,0.775321514766742,0.8393263768838257,0.8101174244805602,0.6905278836085851,0.8543037606832992,0.25602117306151306,High
0.6257557513185494,0.3403533075393174,0.7152107533276277,0.7370358344472716,0.46735417133848794,0.7724005426380491,0.43816086182667846,0.950152797526621,0.6508279504893281,High
0.4501004300192013,0.5397135851842993,0.33734359789222834,0.4782618367758894,0.7846962766209284,0.562821746206157,0.7310127806838771,0.7149232254606812,0.11627368029288065,Medium
0.866288149556462,0.48917338449154824,0.6183350397868628,0.6342625845428187,0.5360088034365302,0.6448639918691073,0.9046577023696608,0.5474572876075846,0.5364103830800304,Medium
0.735042549841483,0.976492170106485,0.7723504115171873,0.7803238684129843,0.6626878104932321,0.619375885543012,0.998109570568864,0.6560625161810925,0.43714810504503465,High
0.6545332055481858,0.6903961783750308,0.7742721297185793,0.670581501969061,0.8660894186609049,0.6067714272451707,0.6582059042134435,0.8820144860308464,0.2678735828174408,Medium
0.9438126310568415,0.5430939273213553,0.5611858328956685,0.5454044628774529,0.8433324519871073,0.7055721682399936,0.5921792454980455,0.6135487719749467,0.6040049977395001,Medium
0.4667184893836908,0.7063273206955871,0.9591843906606214,0.6406904477993368,0.8931385468317601,0.8520157262958284,0.9439919781711994,0.12734835372715317,0.8713335923402825,Medium
0.6955750625745155,0.39743769094198683,0.4171499225657467,0.6220473819105982,0.24769386027572723,0.608726466108618,0.5147452774456729,0.93785382595628,0.9989046997630767,Medium
0.40681218686045145,0.610830624441542,0.6502516123508923,0.7295329794363562,0.753640442431796,0.6833394398514907,0.7692573490197561,0.7205740759284051,0.6077627687434245,High
0.6811963851964757,0.7383640249947446,0.7836187835855759,0.717233437181241,0.31198990137741034,0.6954587134205812,0.6434286545085687,0.7088620471995218,0.40470587432917016,High
0.4337819654091024,0.642228482254716,0.7879950641242663,0.5891566225725795,0.5326548544147288,0.9882282647177051,0.4246494189733332,0.29410763715794547,0.2252071002162016,Medium
0.4712907497608432,0.5812451604580269,0.7540472697381708,0.6421369998607387,0.6388707320437508,0.9773331784395345,0.6083730845834187,0.6929969232093914,0.25709608939511175,Medium
0.47051574806626295,0.9956938722297888,0.49270174941630207,0.5486654365483307,0.5221915877974646,0.9000687913760379,0.5591371135016048,0.4544779650887426,0.4794549781497657,Medium
0.7895261812696381,0.9162203335042489,0.4093445980806354,0.7190553425048124,0.615689340642406,0.6208294604095925,0.8116546923660921,0.6861096793373429,0.36727770128070925,High
0.8476269275592541,0.7363841707116081,0.7451582287786975,0.5450777408512741,0.9972210470388954,0.5340186570458348,0.9692742986151509,0.19593372727719166,0.9138145226249442,Medium
0.7500212590582958,0.6985641528275979,0.7195114812976064,0.7088358001327216,0.3081738509702838,0.6584520688603124,0.5608283124271827,0.6920607741427324,0.36829546765570953,High
0.9773035290847252,0.7344623358772089,0.4255492072024687,0.8558588067158057,0.7403648362691404,0.6333972747169154,0.886879563491009,0.9994723531936,0.3734445911454355,High
0.6249223477142225,0.4409184754757033,0.7935974018993943,0.5442856606228719,0.5168007731084923,0.752962900073197,0.43321589016304574,0.14339083497450045,0.38353451243397696,Medium
0.5714272517691165,0.576596420285023,0.6186203942135595,0.7673190922259978,0.30640783912586306,0.8888639550338966,0.7228726060238879,0.9794567657991856,0.8366202103676581,High
0.9211594769136762,0.3276216730236295,0.7674324141222071,0.6091550637603136,0.32698941069944765,0.929161469439429,0.44233003822593675,0.4662171646505836,0.6507883208469019,Medium
0.5341575031116716,0.6328822262407786,0.8861569558391054,0.7955837233915405,0.9594184849964935,0.9224320427052543,0.9604197946783836,0.8836781053035332,0.6141688503188927,High
0.9779335236643668,0.6801172087703642,0.4188099000038462,0.7010694579289891,0.9036811973694097,0.6798377806115339,0.8598107683344342,0.8041469356524461,0.3341430223838622,High
0.4072926848138898,0.45942481527224666,0.3134014075977857,0.364810791656028,0.9256335683320176,0.8436171717303415,0.7947699467227554,0.610314634888001,0.8179041768324394,Low
0.9819272960245834,0.9748201930158595,0.8453718104770507,0.8168679953443441,0.9932262206619094,0.6564170987621101,0.8943378289747985,0.7646042883261939,0.038363861355701134,High
0.4258959471703457,0.9366182276560693,0.7267881976068311,0.6587973381531166,0.36665231200681436,0.5304527716175913,0.7885118773420978,0.8906640051712131,0.8707971723381132,Medium
0.9346858682188427,0.8055002648191341,0.7897476987354852,0.7742196763660019,0.48435146989124944,0.8507826328014712,0.9813666383045747,0.46372628948592964,0.5127498997939296,High
0.7166206654517799,0.6733706401357538,0.8867084824920497,0.7413867822450181,0.7353752239398934,0.5049137762848939,0.828374768718863,0.39432984540691485,0.3982502348634128,High
0.9957788776715802,0.9089784117533795,0.8619676543771504,0.8602444895106832,0.5870420318885179,0.7045912937292442,0.9547951657493481,0.7008340470072263,0.4971672807176857,High
0.44427793884123934,0.39145664067642405,0.9726441028501771,0.7786467077084731,0.5347116267026668,0.6646896346510378,0.7102791352063829,0.8270613477471327,0.6674155305338311,High
0.7323125706407925,0.8533568559924194,0.6751545551964827,0.7042333610976989,0.48624899946847444,0.8466887692594263,0.4702386477891176,0.7860566212989542,0.01276542651789736,High
0.9815815213714594,0.3873745697767938,0.6419469428619338,0.7939364026442466,0.6750245055547618,0.8831227363801895,0.7169066328538103,0.8180322839727711,0.8715518564582477,High
0.7138587065020894,0.8559474637845836,0.581321039923511,0.6121044416041148,0.6604747429120656,0.6520473179856419,0.476123696837856,0.4920249833316397,0.4467395253113928,Medium
0.7776391828811575,0.49303729777594985,0.40758372999094317,0.6136248905992361,0.3291662672513921,0.9058135072224267,0.755496087505843,0.8360507945575194,0.3429665197000782,Medium
0.8174492133907703,0.9139634067127322,0.7008250630174157,0.6022867465173566,0.5773918700147513,0.6469583802524669,0.6894958363165977,0.2081881498335476,0.1382455656340571,Medium
0.672724638860664,0.9608294656777785,0.4939087670281851,0.6560446467061652,0.6427774209678799,0.7231631799932806,0.7735452386996691,0.5900401881647646,0.43946537435844213,Medium
0.7765348480504382,0.4041571785835809,0.9449152585490828,0.584791672722957,0.6562295509851124,0.8635092635070669,0.40602818863289897,0.10518279444830941,0.49632277128437885,Medium
0.7505885871538602,0.6238729235457754,0.7082335629939682,0.6514896398868577,0.36808575432988144,0.8464601146123942,0.5169042949932184,0.39212724691024325,0.4036466944934778,Medium
0.9406948062945933,0.9866911647138796,0.7149881263556771,0.6623310789125132,0.7938171138018295,0.9936842361561,0.6947982591472786,0.4298153813842581,0.6786600938268971,Medium
0.42726782820487474,0.6383852051812027,0.548447262613907,0.45996474159015227,0.2201592758568557,0.6125805121079659,0.9703021369534809,0.4565554224483299,0.420896528759226,Medium
0.5685779137553382,0.9044832657601816,0.3363925463843952,0.5934543052555495,0.48386548443453015,0.8311589567697912,0.6301654242130951,0.725920486020876,0.9614175778465733,Medium
0.9702468904459353,0.7121120654919239,0.322220635761092,0.5599758359344732,0.8241701188285069,0.8048409541378887,0.6546232156321807,0.4497022911433112,0.5992775178235918,Medium
0.9341582703345498,0.5627309355437213,0.5963346009072382,0.6290799517336432,0.651114336844322,0.957549227245015,0.8288176534039733,0.5038242603602776,0.807477935651909,Medium
0.6733940516714279,0.5000484888681092,0.35919576466806646,0.4919127729444344,0.4089299460086882,0.5781810708224375,0.7622756543716709,0.31378971778689474,0.10935590310947885,Medium
0.772079558680922,0.44225616376026106,0.7247928688780974,0.5977035239085138,0.7559624954744382,0.8758990817934664,0.579355690059,0.43592661246640607,0.3972912929459057,Medium
0.5664287097886797,0.833258733964388,0.91668110394776,0.6485957347883471,0.6539127553248587,0.7841343081343841,0.6464898373404566,0.3045426645368363,0.3368477014471527,Medium
0.5128726958342568,0.5705783547761194,0.9180403715631054,0.6607577233869805,0.8369948875651099,0.6373329348939527,0.5306198793143395,0.1658763313915993,0.5694823881365918,Medium
0.6782190429639894,0.6578928235405257,0.7613317870925627,0.794013918452089,0.7880201489518588,0.737217457073587,0.9796128754781251,0.6431037340432401,0.8611135200614256,High
0.6120113368156317,0.6446278360008273,0.4478622820310517,0.6559079881906423,0.6880863376289877,0.666888298534899,0.47838062893441585,0.7013915186995147,0.07833821776200667,Medium
0.7501936671105233,0.7040953204631919,0.9040977819512104,0.7478437387062403,0.5905421402486513,0.7896567013942304,0.6231020707398517,0.657541311408653,0.07257479804471079,High
0.44664078217899095,0.9059040019371865,0.9202654047192456,0.7289352075789064,0.30654570053401875,0.9445003054073329,0.41550338333200676,0.5171446394205151,0.8503177081575989,High
0.9846368845996999,0.9865175405084006,0.43765750946707105,0.5588701239095695,0.40906641430830704,0.784652492206101,0.5330676951601279,0.44180720216130687,0.21285008603835742,Medium
0.9917264466877618,0.5853089460016718,0.8161982600394739,0.7866286154371809,0.5352795783336682,0.815861209163292,0.868282683028093,0.8770002846146427,0.6687532544498137,High
0.8188970284118471,0.879263245474412,0.500563684248986,0.5111808571903087,0.679439429605111,0.7593739235573547,0.5207051393733277,0.5671736066225963,0.5428781323608052,Medium
0.7216578198064723,0.8351694562583023,0.8618482186470506,0.7989049349596895,0.6109662841722439,0.525582753222738,0.44803804151737936,0.5312636898667579,0.8328935948872295,High
0.5857165697717966,0.7014702660189012,0.9980665299325218,0.579945074818993,0.4305476207676236,0.6164292784380472,0.6846719079067141,0.12307785922579212,0.12508890983640353,Medium
0.8882770118241692,0.9692330005283532,0.32101820373057494,0.5129468573055266,0.20517148623176845,0.7460008647160414,0.40598154084071114,0.4071230448635408,0.12978296572261128,Medium
0.8108387035323276,0.4403321608698819,0.9281561060536523,0.6484759445514582,0.5969913775206512,0.6551176418723523,0.45085969265579995,0.44217605690727135,0.5568183602783076,Medium
0.4975701636069348,0.376484947216735,0.7358413735190605,0.6098542119224203,0.4285007908497945,0.5908817988805971,0.8845755217377851,0.45894050280721044,0.9463786533583709,Medium
0.9465563106963055,0.8977733768687954,0.9813678334153748,0.8418529739360141,0.7876866405684282,0.7520664209592192,0.8628840069157638,0.6221551323045991,0.41499775837075425,High
0.8935223457539014,0.6074048716436238,0.6255066622684993,0.5966040318239839,0.2191570122163868,0.6614048967239252,0.9490832922429376,0.5802422920541906,0.32694210025469495,Medium
0.9698799479751544,0.8928781979449423,0.8931715513999616,0.858764201996894,0.6678622490446326,0.6290538215867074,0.9127092615464497,0.6471145835141001,0.6066893231978858,High
0.835431705033016,0.9251631436367904,0.34367584801879403,0.5934556711807647,0.9531793900048524,0.7319927087201904,0.8099053379438909,0.7883949353879154,0.9304486005450311,Medium
0.7680491175614739,0.34372031553335,0.5346953350548069,0.5797230836836386,0.3395274136891996,0.5666421290410866,0.4313997143803977,0.8316871648444841,0.8369278328446237,Medium
0.6509458217743713,0.9184253340902424,0.34691157642584697,0.4970354241022257,0.5773195926004764,0.9638728665377037,0.8697091707919945,0.7463107686038449,0.9954836107332199,Medium
0.9596370900124079,0.6138233387585955,0.9827401934353492,0.8250859495585956,0.2731375934537106,0.9338510489596195,0.9073064865043363,0.9599713263594413,0.02256858320237709,High
0.9196383337002451,0.6573027423029625,0.8718817350902857,0.6718450787037631,0.7005455298090821,0.8538102928702677,0.8794492874631727,0.11640932440872548,0.11285814471276223,Medium
0.4271312020637137,0.7386147577652471,0.8967831948721794,0.5112607175512717,0.6404253444769805,0.5531069137942282,0.7050874211848157,0.2762001871151915,0.609467763366622,Medium
0.41582018469835125,0.9484678247110607,0.9565756620037258,0.5187383378790743,0.5258924193702659,0.8879386272348465,0.539741103189689,0.10680658748032791,0.8205764393338497,Medium
0.6258780201268298,0.31338126610083483,0.3595724402838497,0.5291424297425535,0.6171016171789929,0.9039786640545096,0.907197985413236,0.6827272427391426,0.28524434230676654,Medium
0.8863319984690997,0.633790427822472,0.5699183147593333,0.7276712519818928,0.9172597267752083,0.8838823088571688,0.8362976858440831,0.9082274940549883,0.23921108803421876,High
0.9923656775889667,0.7814054297013924,0.3497244223308015,0.6456771821554541,0.35703544184885366,0.5569829435596205,0.9884567046333109,0.31913406691866936,0.7869757993812009,Medium
0.4902501346621169,0.8058948703887598,0.44755517108502,0.6961347821323361,0.2180516093642778,0.8219539785338823,0.4934155586535598,0.9343310903166759,0.05638185385323158,Medium
0.7564784292112812,0.7847727020759756,0.4605560439263706,0.45736814398120273,0.8893319077592807,0.9171623978746992,0.535398749831233,0.15424065126060477,0.3693826475825851,Medium
0.6285345139786129,0.39410459058568525,0.628375047733305,0.7075922433043241,0.6616936659103252,0.7886767006098339,0.5270788899289016,0.9409924241249629,0.5058092225923297,High
0.9819486386887619,0.5095769118601768,0.4879935172175498,0.6491269136699167,0.9125267643694739,0.8232036876140445,0.875523860572802,0.41646041851567095,0.5603486743503234,Medium
0.9052713538814252,0.5511008677919094,0.3706846747724327,0.44333476505571145,0.6775561787305381,0.729181739713153,0.5121443778700709,0.19127874560429486,0.7286151567927769,Medium
0.9029972228266827,0.8631060453756534,0.41724376236587535,0.5368956734160586,0.848128871967762,0.7643536599420263,0.4399958978939837,0.5372845832676931,0.35484572343065823,Medium
0.6812158958769822,0.4951319106901871,0.4030928944864636,0.48614244731816353,0.5437386906841184,0.5171884291758626,0.9991364839513772,0.33109891094845717,0.6126843446746072,Medium
0.6488917014025991,0.4474934747070422,0.9811537585386088,0.6591245360353495,0.7998879450306151,0.8194815109866422,0.4148903268670895,0.3563856117657306,0.5853754227909563,Medium
0.5640442431584237,0.9702136133266672,0.8315047548429315,0.6647878718996212,0.9304331735118849,0.5407236064455796,0.9011464360953194,0.37656096843365794,0.5476161006537471,Medium
0.4338252979905563,0.30620429957942824,0.9774330256886934,0.751129642763078,0.6576983709777651,0.7175072971701117,0.6192201049303917,0.8227233080493971,0.6404832931422122,High
0.918833425753032,0.9984745989773847,0.607818340555536,0.6676052409596646,0.34462812044990365,0.6463275488337039,0.9049692758546891,0.5852451490077291,0.2594491710680763,Medium
0.8877406054780466,0.7737749092001769,0.4948579371638596,0.5229607642916638,0.41503809202415853,0.7727139751058565,0.732772294726687,0.38017692924040325,0.08464875358462898,Medium
0.9998306039716783,0.8799285096143818,0.8588052380464306,0.8213147747949598,0.35891566151792464,0.5667081677616035,0.9409787376918161,0.6493004049798266,0.11927167203974343,High
0.9979821022443432,0.5062335774423352,0.5283777426288028,0.7082444651381137,0.39748562207658633,0.8458217009866591,0.955715791848776,0.7445356068008742,0.22458238265390107,High
0.7332590233615766,0.31002069436694196,0.5095683615937437,0.426040517049327,0.44513235948082913,0.8975057684642351,0.40545890876846563,0.3453616006601804,0.5001979355227852,Medium
0.8613924491083063,0.8165086629930709,0.46275419454548183,0.6348141193545563,0.6441070294025508,0.5816772248715782,0.445247305595673,0.4721941913728164,0.8404427505460201,Medium
0.9668594379294568,0.883901217900473,0.3907752847569647,0.44346410021856464,0.6703933035710663,0.552156543675941,0.5502152377425134,0.2096974840032528,0.7012933420883841,Medium
0.9097884344064469,0.8183332923674633,0.47952414271173616,0.5356168491572437,0.5411997977934889,0.5727577413936795,0.801589249818101,0.2630344145812123,0.7890406042020471,Medium
0.5484088610459186,0.399995201110587,0.5487238239317214,0.5883507181167641,0.6923366238566684,0.9385637809492509,0.9329633179069036,0.7130060685684845,0.3509756239260914,Medium
0.6703264811860561,0.8273995455798784,0.7717959457020113,0.5680075299530962,0.26525994048909274,0.7640946308781781,0.6759651707763776,0.26329451292606426,0.40465374164855017,Medium
0.47749564909089703,0.8382459474753485,0.3437953895536161,0.4662815715275632,0.270230589646528,0.7336304980037514,0.7641838697645593,0.5726470453003542,0.3936818859906128,Medium
0.9724306163552334,0.7609783609690384,0.44735485776574,0.7477754665870857,0.3374635682861268,0.5533559095511771,0.5130999116773367,0.7381416355501894,0.19187318440450152,High
0.763704780670528,0.8362811529569103,0.8663165482041735,0.6209550714836942,0.6144619984322759,0.8247780033784808,0.8829801003290112,0.19618923078526945,0.06121665814357202,Medium
0.5371856833020776,0.8921450077744124,0.4028453465086395,0.6799334747445162,0.3711957429586509,0.933999795947545,0.9803968668120818,0.6105809976660131,0.5909160928272268,Medium
0.803020410643514,0.7295228799662208,0.539851602565765,0.5764767404698431,0.4266275227940619,0.9140929346617265,0.5611593597487585,0.3309065053312274,0.9892166834205861,Medium
0.7708769442747375,0.36202329977877534,0.9052612453006981,0.8143377504770607,0.5202502689383952,0.8130273544904006,0.6968955709603277,0.9666341877138218,0.16682970495026284,High
0.6148976308197043,0.6413394667670476,0.40844771780040984,0.5527380905277619,0.849492899208304,0.5376393583258368,0.4516696663038243,0.5351910820479323,0.046684819899273755,Medium
0.46813455531977743,0.35435453427012353,0.3579157849327329,0.6345061855098361,0.2110897087302881,0.5561985135880065,0.735481993877781,0.8253932947976423,0.779531681823933,Medium
0.8029439173556798,0.5852801217227015,0.6391765965560076,0.6130085822914606,0.7195030561892979,0.5246544935549123,0.7016700651080083,0.5952038879406356,0.2525860066847242,Medium
0.7121846205422759,0.5849745423879393,0.5116936578949755,0.41986223832228514,0.7351012248325484,0.6287396082462346,0.4866618904930466,0.13907127956933726,0.8296438053529284,Medium
0.8633910350413836,0.3462068908981691,0.6943858551386979,0.6552579126845045,0.8389246242853092,0.5678307335801889,0.6652397278708451,0.6698362380346201,0.7039366670345154,Medium
0.712098100667196,0.5441743737786355,0.8626634233384325,0.8167754221494894,0.9462023512482507,0.6300240201262169,0.600462791251938,0.9562630079859913,0.9456735370508046,High
0.9113089001911241,0.37769866915392036,0.3960039417069202,0.47916757006046207,0.21611027915943187,0.6925290278594809,0.7130985251831137,0.6414506381316981,0.408927235756672,Medium
0.7311441032646913,0.8657646470064555,0.7064893591879995,0.7442319946897343,0.323026964410573,0.9714913920355679,0.7513926012572796,0.8372699734841111,0.6619698394506341,High
0.7365627829212318,0.9633816181751296,0.6538561322729047,0.8468258947418073,0.9089370352447945,0.805188029890846,0.4050973471643257,0.895785817013567,0.4648547808132707,High
0.925992161595007,0.350621532680557,0.4008551502092397,0.515619128356007,0.5668148497496124,0.9174868928414812,0.8566035897697333,0.3052717947540392,0.6305886973085435,Medium
0.6420897197274382,0.968580645104191,0.7367989398702877,0.6152055077542853,0.6516725111467708,0.8551757503561661,0.8278085751170445,0.290840355917404,0.44959890600773733,Medium
0.48040913707038446,0.6658036195357215,0.4915482925025401,0.5337764715359514,0.7304217629785179,0.5562515652633159,0.6197718317239134,0.6498828899658925,0.18863224642407483,Medium
0.41726960578800343,0.5096959745677117,0.6414840229808088,0.5801006598386318,0.74325328359651,0.8679602031869744,0.43176156134129096,0.46992562282603423,0.5078974160033809,Medium
0.8530823534041714,0.3538034526933144,0.3575906269939433,0.5937482822073674,0.9453923226532066,0.6375494407795622,0.8529595238710302,0.8558751725800483,0.5285842014374423,Medium
0.7721857308120788,0.6504369876492924,0.6217088400495361,0.8554371692500082,0.9975595339293357,0.8195539234973532,0.9731050962868795,0.9100208110582101,0.8106038482601611,High
0.8224478608595341,0.856160881143524,0.5145244276299742,0.6973878540034777,0.7761259687447521,0.6704809868214943,0.5440909576132085,0.41807924137244634,0.7355207057935812,Medium
0.5277784969053465,0.7949605340866887,0.875666847829748,0.633863152012815,0.4297769673641207,0.9988361316323295,0.5941147682422228,0.31318350307703385,0.6637916239414441,Medium
0.48182288535206186,0.33515820802478163,0.33988510889815776,0.5195871552895106,0.9038019218354749,0.631775739748389,0.510287733689089,0.8024729637194756,0.11338709555257254,Medium
0.4087267994007292,0.3510312847575324,0.5930250924428309,0.5120485394032741,0.2393767316326093,0.6395652353871348,0.7461616740069038,0.3473254319933225,0.720616290663715,Medium
0.6103525352839582,0.582011297842846,0.6209019968920066,0.706303958484626,0.38486468229959697,0.9653361277811991,0.49290483678847297,0.8403528866623106,0.5003051563545148,High
0.7539506121127799,0.5067033458335602,0.807504253409383,0.6407097132195869,0.917908573970972,0.5123222023181613,0.6137163660768277,0.4813644282838866,0.8940995361061592,Medium
0.6353464270598395,0.46266902613923344,0.7020013025631477,0.6290656656023408,0.404953211551484,0.8483444939365985,0.8182078083605577,0.7007949093623234,0.9198709341305428,Medium
0.6624849532142374,0.4967031492360995,0.7670486360359268,0.4866419239328178,0.3765208476973988,0.8626631953679391,0.7360695898056091,0.18598178245120137,0.05515659060178546,Medium
0.942495216696249,0.8624379203078192,0.8439344999562293,0.8030603939790917,0.3105002345121978,0.9181892887051997,0.6318775385967612,0.6614733922089157,0.8206415603544788,High
0.6089532802139802,0.9504596375422978,0.903542081560732,0.7700274285921062,0.8872894061175332,0.9872196553192376,0.6521497610845252,0.5065909108635063,0.03769739042267062,High
0.7083936934958865,0.5835718861692964,0.5197128477057293,0.5382917031808705,0.6000466073528694,0.9878009595783261,0.7372665295739378,0.6279476168579267,0.36716962569502265,Medium
0.8701918076446858,0.9342777014927479,0.676615893754732,0.6014966159529356,0.7399145624433239,0.532638378783232,0.4035188367322968,0.2512127869703771,0.5422999756210791,Medium
0.6379256693927621,0.5250469908735174,0.8880756549074398,0.6562681603334912,0.39125310726002377,0.9109196613764512,0.44710592107216596,0.7631863704497639,0.14810079862712744,Medium
0.7732520201367241,0.6335058904406541,0.9926157916755394,0.8263652309662226,0.8064323368089732,0.8231549668286906,0.928754840657807,0.8765173697889057,0.7463138125690768,High
0.9174182252480471,0.45822029847119977,0.9226635177306342,0.7162918056054136,0.8080044359696787,0.8236710671865456,0.44672739345477447,0.2950658200816981,0.008354704172138572,High
0.9697123741945852,0.7483332295230907,0.5600270838370638,0.538354977674968,0.4500784199266401,0.5641749633073474,0.8240821577263031,0.18614309996814554,0.16859904843403684,Medium
0.4882440885574228,0.9852867806223662,0.43661656205305527,0.4382991267947842,0.5285461064082263,0.8250935832228267,0.9520228984654315,0.12127472744170276,0.5807968298534757,Medium
0.9559525750968967,0.722445167230365,0.6425747761846121,0.622922323835659,0.3677522219441607,0.9912412903006239,0.5624101625810387,0.6777743503989394,0.7143875620372924,Medium
0.6952697758477229,0.5504698588794842,0.8191490162852295,0.7319259494082339,0.9812488186583235,0.9559092847697235,0.6222948622357085,0.6463846324799026,0.9166431026939161,High
0.5549466329793751,0.7534722121933698,0.6447983495273083,0.6307009672758812,0.7164820616467293,0.7195653304024252,0.7413528435068297,0.592027671442663,0.7054966519346239,Medium
0.6754814537429568,0.38604447492577126,0.6382266043195679,0.5316532081952318,0.9476351045724125,0.5199739866430472,0.9290253817831509,0.30875238650437786,0.671779270254866,Medium
0.9880195451712862,0.9220613561857789,0.8867612947572603,0.7740722213754714,0.4427084349033066,0.6811467450001024,0.9651433523562521,0.45181539631496326,0.3943411463506643,High
0.6955708563957217,0.6521587655458854,0.5529826453470303,0.6491084271104683,0.8255127303975118,0.9131951558002775,0.8437379488667609,0.6350287016675558,0.0012844255268014138,Medium
0.597250966172505,0.6145448194277494,0.9018562723681518,0.6558164448850055,0.8126869151077936,0.8507495507325831,0.45197185651281646,0.5470901729732525,0.12015925873562194,Medium
0.7800405125900355,0.7101053519174634,0.5847633606662064,0.6828652795318936,0.7533245214932334,0.7296718277969783,0.8014924933209104,0.9890069681933986,0.5345545447560391,Medium
0.5440873712669159,0.7373487039525817,0.5297631739748375,0.5948817921662921,0.9725111802134403,0.5275507675794155,0.6461822331235972,0.22279577730105982,0.6751298858444197,Medium
0.4455179968651984,0.3502430643585591,0.6177929378397893,0.5499625669070013,0.5148442688850525,0.7134473639116513,0.682420599694637,0.7256300986428345,0.4174482838964625,Medium
0.47732783314638955,0.7778320548563816,0.8337128710724078,0.6128851393083256,0.3045738588718059,0.7345124698589418,0.42948903420710627,0.46388689129386296,0.7306790115283902,Medium
0.4768275033746635,0.46935217622087066,0.388201419504796,0.5126583337831305,0.7373670873952487,0.964277766447068,0.5146372836078149,0.48537965343305334,0.5218622953321788,Medium
0.4911416161073766,0.7997668427546127,0.43749345111041216,0.7771277722822924,0.7834478403817651,0.8205430517910797,0.8743081645201887,0.7458379890923587,0.07417619559431221,High
0.4832963035896461,0.8757743560689377,0.9660113779641644,0.7075356780956087,0.6600484587670518,0.6558264583273244,0.6723752998287158,0.7231925361919327,0.19201625096794883,High
0.7845248468819288,0.8627709552867642,0.42284413916695013,0.709024055857083,0.36545431450671706,0.7626591322253606,0.5809973449786894,0.9921303943319695,0.8399982232439429,High
0.509128050639487,0.6867506771855223,0.6974091225517381,0.49480378148775384,0.6035647533354843,0.5330276539110801,0.6304114443789749,0.2155548605087127,0.7249127466244395,Medium
0.6074003699943179,0.6641189246175259,0.7055201266633564,0.5244287415379284,0.44975178925530357,0.9862841178248685,0.9126397079954082,0.19369868444574972,0.894761987012495,Medium
0.9380730459436071,0.4000131729375882,0.6427371234351713,0.6741081841372337,0.5419732225333513,0.680029950965363,0.8493994104429741,0.751904935415867,0.11755724912093657,Medium
0.6843769841577234,0.842742305282195,0.7513216740037729,0.6469447261467165,0.7161748606757312,0.7389336774565679,0.5633892383086496,0.6205482253057681,0.9902225346150739,Medium
0.8005346431126164,0.48998656631270004,0.46087870805833286,0.5183683598749377,0.7961717941526676,0.6776419871184614,0.470501104127424,0.3467445999038253,0.2094067139499336,Medium
0.5033919227209779,0.6476867959725625,0.6868635874437237,0.4218424777022412,0.3857797527210745,0.8412558650581001,0.5511989329864431,0.17147743209008795,0.01177987628664201,Medium
0.5153734112852024,0.4989918650492617,0.560521278672828,0.514605508739767,0.5242602885175627,0.8311160791647965,0.9524538706328403,0.17709242463678748,0.9974229390535542,Medium
0.42452116975988735,0.3936798540997852,0.7631670817404324,0.6785379195473605,0.41532925679330335,0.8576611552645679,0.7489533027098532,0.9047717871977065,0.28107388544511314,Medium
0.5013610378432988,0.7406903878242155,0.3988564803612046,0.4571825820011103,0.3589052910894953,0.6340716148059604,0.7200881252468697,0.27268059224686864,0.6680194525125599,Medium
0.5671542034191752,0.33803242437603265,0.6996141917876333,0.5457755179163982,0.8267097759966708,0.657834240582033,0.7578361598154769,0.39103440590396865,0.1766823141763052,Medium
0.5062062905660482,0.82405166388834,0.4296892487683266,0.469026111111318,0.9274021555495939,0.562625615548104,0.6196169594479092,0.3039907620042892,0.5802285321991417,Medium
0.4532215202542334,0.5223107566827816,0.49505014418052545,0.5044177922898295,0.4961857485476614,0.8277549859230563,0.8842642121917077,0.41949667524874357,0.9040349864545593,Medium
0.4723815226603605,0.30009428510313974,0.45309686022650825,0.3412372115732019,0.8010231394990135,0.5198985636678263,0.7139717495801499,0.16248145847148404,0.3201811674284386,Low
0.6764672608196355,0.6577903974660608,0.4279864459081719,0.5441389278697276,0.9175962314915289,0.7988411677617295,0.47004874166127736,0.5671538118174434,0.6702539760443592,Medium
0.5238002310434755,0.3327963359693222,0.8779976660924669,0.5102879362183974,0.8768993684241853,0.9348479424258169,0.4774390748974378,0.16085130723299343,0.1879035887984165,Medium
0.6185619166288453,0.4933186904746296,0.4999952973626232,0.5620126901172784,0.3462507108313807,0.9454160741448168,0.722115487901571,0.8203208570401254,0.6247953987187252,Medium
0.7020503625129142,0.7948835412190013,0.9489866473051145,0.6204858413824981,0.9650335052106891,0.7245188801849809,0.9619421308425035,0.31034087371938973,0.33645035181751015,Medium
0.8142368971776193,0.3438827351353061,0.9789485677416336,0.8076542831861055,0.50134115234357,0.7296518441065369,0.5850112730057193,0.5860107231440596,0.21120825858795167,High
0.4235872839046594,0.8875369446492016,0.6998823289559681,0.6767766849368106,0.4713925289390691,0.5384845915040086,0.921724701315531,0.8920711788053124,0.31318205070363514,Medium
0.8796462393454256,0.30267394586100815,0.40010078586600845,0.6312682489905628,0.24994506182222428,0.8353825127215179,0.8584573519473275,0.6857896321424748,0.17884106850779935,Medium
0.7767402336945446,0.4727767084413316,0.5621837703657069,0.654626474706207,0.5889389232839064,0.9106297101864227,0.5486874657441441,0.5796620078962018,0.9019161078378828,Medium
0.4490554191693232,0.8186328393064499,0.8584125843437498,0.5412446484850814,0.287210892512743,0.6223275273023565,0.4218044489897455,0.391900377803838,0.39718688631712884,Medium
0.9241471744640664,0.5213891048105147,0.5571735100879494,0.5204809533504678,0.3988318567419408,0.7106504408166823,0.4611083590854297,0.39970172175237817,0.24527930497436734,Medium
0.9525234403190879,0.37132467164620947,0.3609120528119521,0.7221486094861131,0.45355409741382513,0.9194196683826352,0.8370963603084641,0.7025382596783711,0.4484078410159329,High
0.4366467759129183,0.5521637431602995,0.6897494376497315,0.7885288311280263,0.8470610587933474,0.9385602338311441,0.519801842824388,0.9947254250990508,0.32053616680649555,High
0.5661265888883222,0.48927530046916784,0.8915845960472244,0.7227030221218124,0.9003909203167173,0.6215899901321129,0.6227625523032363,0.6956552708644408,0.744419253813326,High
0.8837207678758368,0.8898983315123883,0.8571484710004516,0.7862555034843388,0.44197305396917574,0.7752853172706822,0.7010194996038549,0.6020050756330224,0.9712199118854944,High
0.848955814230195,0.5193435423096002,0.42258619809124726,0.6135967009686943,0.8869584969956592,0.5962465753179136,0.8352809010700977,0.7575854592153215,0.4380336566976468,Medium
0.5107126116138264,0.852252730243205,0.7709352300887267,0.6761701985445591,0.8857847498958329,0.5509393820697783,0.46793873395547525,0.5186850510553463,0.8610333999722404,Medium
0.5256095940020262,0.9243105013675144,0.454352984404953,0.43202647570166214,0.8117207603078989,0.9555602506959788,0.6438198431664769,0.1541281083407067,0.5658630735596195,Medium
0.6222832616748292,0.6036721937035706,0.45274527418652055,0.4436038048631036,0.31735609121214525,0.9102537521160545,0.6910437454856173,0.6060671342901188,0.15723566509423348,Medium
0.6907137911146128,0.9369602006980744,0.9118502413136296,0.7992119882358337,0.7522582775205833,0.880017450901587,0.7244962383829239,0.9618627560548422,0.6906227420813416,High
0.7709528629181777,0.564122637774235,0.4747682669181611,0.5346213110304974,0.956019251664455,0.5243831594065702,0.89101638483713,0.2577726481218937,0.5134344971258201,Medium
0.6213481837418635,0.9748548915430757,0.4842731425626078,0.5774004294610963,0.7460323830137257,0.9218643963551287,0.5030069170259301,0.7210044017385991,0.6506065232521034,Medium
0.6775208296798887,0.362502667167901,0.3004573735329097,0.4112603376110093,0.4652934792862672,0.7190220379526919,0.8846988710959733,0.2808403197931508,0.889687412571665,Medium
0.8484825628802539,0.7809134865522699,0.9094683238878623,0.7287394771549625,0.600463453944665,0.6711975616479298,0.8157270566179913,0.5822449160257731,0.4404345706560461,High
0.42200992173435875,0.6456698283198501,0.8548163692463941,0.5282943276205179,0.7165800346808429,0.7732381805126882,0.7335224885193756,0.18700880468204767,0.9011776232173556,Medium
0.5514621666064125,0.571354163818953,0.7391302545634746,0.6665238172403625,0.6084563269828029,0.5456766213617779,0.8197167222415431,0.5053338426323667,0.7506690142816549,Medium
0.8280097515307314,0.7428983151240206,0.8251860347571895,0.7833763202047888,0.2959623533847759,0.8783232746761994,0.6472106433709939,0.7805469960057214,0.48860492587798476,High
0.9371241026123196,0.7926999641440318,0.40643399719714424,0.5583015772090959,0.4496512357216165,0.791217538444148,0.4830385515808748,0.41281437181508385,0.6032221356579637,Medium
0.7070064652693997,0.30305428875521634,0.6208265162113027,0.6896181376966205,0.841916824442906,0.5932950484365838,0.7994591441592205,0.6984205520384962,0.32558113251901144,Medium
0.7192680911591893,0.4168671621230391,0.5458535711441466,0.6847926462340388,0.889134436876414,0.5941160998845227,0.7148033840113734,0.8159049647107562,0.9835972997387742,Medium
0.46430320680386566,0.7991322354440231,0.3656435683799115,0.6613655331084959,0.3098400261724562,0.5921243257863371,0.7836248803256654,0.9344600375315074,0.667351163050396,Medium
0.6684474200940729,0.7664697895047445,0.6402913396504468,0.567475370675469,0.9619094019189798,0.5285011937759669,0.602799268617094,0.31117787366990823,0.043846852496629896,Medium
0.7195703598730139,0.976233253590074,0.9445177552398447,0.7358418458324142,0.4630580942788875,0.7938992246858424,0.9441199464039015,0.4593843242283774,0.32662190574800876,High
0.5454823021808378,0.832726453175548,0.3280413833354861,0.3755353752074153,0.7298509909845761,0.920174088794254,0.7524219211453462,0.2371744119973757,0.6233144337590575,Low
0.5615459385696286,0.9655408954119367,0.5040226394456557,0.6747660335451058,0.801460116765345,0.5087491069936942,0.45124149057452434,0.9932351519425376,0.0563332777992398,Medium
0.6263704978627735,0.7917783510743648,0.4452786553439924,0.7180851456551255,0.8495569877103069,0.5245023224856368,0.6698823944226573,0.9343008711318658,0.023884191319142767,High
0.41204271866663583,0.5086365460476102,0.4667026575659874,0.5986285211437627,0.9565997617807442,0.7863851383434729,0.8538136328461806,0.5859614172525036,0.45002423952780257,Medium
0.593247499349907,0.37375544557559953,0.9359041863155626,0.8124050780501375,0.4503356384230581,0.9097478426930261,0.8764807370393635,0.8578299649387792,0.33269017969267,High
0.5268688041979268,0.8472767043414549,0.627648337964003,0.5414624708848444,0.8868051636412437,0.6633694452843168,0.6967582316582552,0.568862179544838,0.4382986080331659,Medium
0.5964984113067489,0.7509044550331411,0.6264095890578731,0.6952074276309644,0.30534952274896565,0.6748071994038611,0.9368485424987807,0.6612271192024838,0.26269330988000517,Medium
0.47185727909155073,0.33373020867530734,0.8324029497186975,0.4384442645198579,0.7640327250828742,0.7981732487483879,0.5606010623165786,0.18021198890441498,0.1647177469429809,Medium
0.934316368443937,0.5520353261306847,0.40814454280344803,0.6967561771986692,0.7935821836111887,0.6371064445620735,0.64635921834296,0.7797433784471272,0.6891433569803377,Medium
0.7561554721324293,0.9697598708390003,0.6410857478700356,0.5920002377193953,0.7421785929610565,0.5133041830388421,0.9391581463413821,0.21494213527171135,0.5145711162678005,Medium
0.8074613914866937,0.6502808019971409,0.6009896498847418,0.7498389093997775,0.4018517889081224,0.867614259050798,0.9377540298829473,0.8434608672272755,0.20015421124936683,High
0.8735027431644029,0.6029103952137932,0.7178374833826593,0.7060617186146478,0.8984345176121626,0.8128249564707266,0.8114276612948086,0.8038252789033473,0.3195894262599983,High
0.6990653193574343,0.6203897236115057,0.9996903922753069,0.8572933671049542,0.335086770696316,0.7903779995278295,0.915388328273332,0.7378702279686787,0.5918079076633259,High
0.45215217285245424,0.4462179068036146,0.838614225857433,0.42326314228330103,0.24290783321666468,0.8708420644959116,0.4532639601737396,0.13254434247228591,0.07222934827247784,Medium
0.7222639250911287,0.5580950196053567,0.578505992112199,0.5471689676737809,0.7739719924895299,0.8376154187810188,0.9189969857246658,0.3728155203507958,0.14745300926617955,Medium
0.7521046708125274,0.5588692791910237,0.8792871365918329,0.6069915825360533,0.580380572186187,0.6029409940891606,0.592371943930136,0.33680131291975857,0.07324560410739012,Medium
0.8472636845105981,0.33664851413123065,0.4194958543187361,0.4375714525379607,0.8792784159669409,0.6762405234716755,0.5069989074569298,0.4241227667243672,0.8123173327141189,Medium
0.6589957277378076,0.8372973399625427,0.3213245804162721,0.4299554598233899,0.5067177128466072,0.5630550708393125,0.5436219018052278,0.1788784720874547,0.7524092332120093,Medium
0.47654818167733826,0.5915531023327152,0.44311386072499115,0.6849449626770483,0.33462287080617026,0.5649285067089405,0.6507811048083323,0.9432620407279565,0.7533129318792571,Medium
0.5702655434792347,0.8755259207714963,0.5382880892799817,0.743950745134204,0.8691537539758958,0.8380978731782696,0.5507152027626804,0.5984220166411387,0.716325343476028,High
0.617849377839181,0.8952436007839266,0.6574065302216918,0.6033606933222865,0.6391277053120574,0.9293000534912491,0.5923405516098994,0.3749718795922212,0.6693854236698692,Medium
0.7875503447989607,0.4483958382890606,0.7305903983788398,0.6698283835941454,0.35135663391228394,0.9813662919305695,0.48098709164298525,0.4572833653668551,0.476991915378175,Medium
0.7424669828013472,0.76014743751909,0.9374240020500952,0.7575325074499544,0.7763071988691566,0.8141735587747222,0.5777060593353991,0.5024822864543521,0.642278163507115,High
0.6136580355387078,0.6305972629140872,0.6568978066853204,0.668396510459402,0.6088909107916005,0.5920506616804785,0.7433702887252007,0.6405349000245556,0.03836155478797465,Medium
0.9919091492757878,0.9161097165450396,0.6508929512380106,0.7091539036506601,0.6834503857922558,0.5528251727244653,0.6651122248546384,0.564111484926848,0.6214644226567846,High
0.7634648916141322,0.45101847542351786,0.3351701068760875,0.6155588998815235,0.5687186705652656,0.9064254857683789,0.6080312567415467,0.9274527758929756,0.7778777055368772,Medium
0.5423360750415966,0.7744692402170309,0.32443808685935666,0.5487001115333642,0.8629671870544051,0.7893782381799996,0.8478712773142685,0.5472671346152472,0.5003583603843902,Medium
0.46106948357224226,0.7254264855769057,0.6858119733414605,0.7140911106022005,0.8636501725464398,0.8091425105068599,0.9361059828359908,0.9929422133409814,0.35751332842723693,High
0.49171548351059924,0.506711034300283,0.6067250292738411,0.655143090436037,0.767511057459509,0.8907310443773546,0.8540735337414382,0.8662824619705861,0.2774267348009791,Medium
0.5475746370307049,0.3956206325558208,0.8874262764862091,0.5728456233718113,0.28432110191716986,0.8516386138662257,0.5992004212706075,0.28765946292160227,0.6428020501620825,Medium
0.49640882395573344,0.7561478323340936,0.4124757092982916,0.6808545549516548,0.8710830895232551,0.9172291264280483,0.8466653007025322,0.9375356931795247,0.6928011986299087,Medium
0.5119402144307835,0.8170182206926315,0.3174801634819347,0.354488677812483,0.7368103844263278,0.5281069527299392,0.49118810948443076,0.2047297580969285,0.8709675998625426,Low
0.5710571012163083,0.520939140634345,0.6143271375510881,0.6494594127126233,0.7576193328034397,0.8737603183732524,0.47819079285477456,0.8357047376420724,0.34233408246099073,Medium
0.5040241571768529,0.7513828228156196,0.46623498972658023,0.6002539993333406,0.49038627232309734,0.9254263786610477,0.6073762222216954,0.4425609641289221,0.7697723073855856,Medium
0.9380592547758551,0.5765916353280522,0.3347300613371862,0.7325760190030309,0.9034236449256055,0.6430675212291572,0.8846214214264342,0.8901768884005625,0.5613558241893379,High
0.4481402473969853,0.7992448182978323,0.8072188007933403,0.8062561307321244,0.780297280187886,0.8202236369966265,0.5478089483453812,0.8812510210967053,0.8828364906780791,High
0.7147068337421528,0.4394506924258371,0.3781150999700732,0.5631827489440345,0.2900723732233556,0.6570810319184861,0.4379520453392078,0.825332860105859,0.5278121082956208,Medium
0.6462380961937969,0.9231505018453221,0.7258236500054401,0.7446700807110228,0.5262224275249301,0.978985533241227,0.4790257211238131,0.8110273926763553,0.5176298283979672,High
0.9894271701451638,0.5011867175259058,0.4967348251168224,0.6567434727390097,0.9091042895681134,0.5167117862177519,0.915246981117748,0.3742112251882367,0.5778770814409091,Medium
0.46722334130083143,0.5574501914293071,0.4214472352485154,0.4688172015134695,0.2377573613579032,0.7898964219164775,0.7802699708483726,0.17282735474612698,0.7493153551424344,Medium
0.638713359427445,0.3406643664562448,0.5658260660435221,0.4539913259111445,0.9691332957136396,0.5832517735247575,0.551920698021986,0.46268216088864533,0.9646904788284609,Medium
0.9816822599652213,0.37805854862489346,0.8610120433560675,0.6075928500422574,0.7433300546556503,0.8561101025885793,0.7331774951969088,0.2561720634878578,0.07356335421576565,Medium
0.9193042755363882,0.6611033318986297,0.5744655038332008,0.7689527424904427,0.7051007821147013,0.5879451417093311,0.7165477734552103,0.7254559800122156,0.05343460239101716,High
0.8902432425695679,0.48731487370958004,0.825538754447739,0.6652321202368813,0.41644740519039314,0.6176916309491788,0.7932615870643968,0.411489753884007,0.9375503374073385,Medium
0.5547416962269639,0.8848361580195361,0.3878404077594055,0.5930496516759309,0.3990334309913417,0.747185405522879,0.5399125326529698,0.9780491807739234,0.5298756255182061,Medium
0.5025325524340395,0.3102853720584677,0.8409399937655553,0.6259891319588942,0.9536465755908765,0.957417474998439,0.9186417923166386,0.6768748696107988,0.6149030145669361,Medium
0.8011859319546586,0.5653658340703553,0.465853327434654,0.6133416811723871,0.4386179633872982,0.6058571860739854,0.5856211372480077,0.8402325072709248,0.48242360159472886,Medium
0.9576255934765515,0.5361418827383648,0.774175190922211,0.5826443724756923,0.8204042373751996,0.5721200105590518,0.8164789923857421,0.21927220546766357,0.09365745260747449,Medium
0.7340577358083579,0.3135293416423207,0.6960470883886973,0.7914975457293613,0.5144974385656633,0.8794884159270153,0.40967478782332895,0.8758130340453603,0.7680893784186665,High
0.7429676136819399,0.3870578793003571,0.9504013020481812,0.7981882083779845,0.3114032566277632,0.7503097661669655,0.6235942779364884,0.9304814714620548,0.7472246450885869,High
0.5679874561961705,0.5895498724430446,0.5711257625827197,0.5451178064801939,0.20857223815628717,0.9558925561908858,0.611025890775285,0.5383557269370424,0.311703321492812,Medium
0.8616957599151621,0.6450052091132126,0.3463156321841083,0.6169357152492536,0.6354058696122007,0.5733072785799211,0.7260906571498087,0.6456276439758797,0.3062392452284004,Medium
0.5122262491345141,0.5830028230784083,0.31340883988587703,0.5868513303565763,0.9806230548391461,0.8229639465115197,0.4436417570663179,0.7883288208126958,0.8378413809055185,Medium
0.5942075418425462,0.6716563748884656,0.878800992680927,0.6736899812211565,0.4953089550473636,0.6164395730759076,0.874078824235665,0.25735476453437134,0.07235725774132662,Medium
0.6552618631698501,0.716592172433977,0.6673149463630025,0.6788514029168207,0.4857538671944359,0.5783802143258197,0.5306684810605411,0.5523094688170982,0.8811051483565658,Medium
0.704566227210673,0.30694667478948495,0.8426708362844644,0.6137744084903112,0.47527329427955367,0.8417147075786353,0.8062226889292061,0.45879672499508184,0.2566616898959144,Medium
0.5454458394490481,0.6248666116174526,0.46409792000806027,0.45196902623255614,0.6164350698438867,0.7968423099543667,0.8819272739464559,0.23173659294602422,0.5929847477554939,Medium
0.46890209484352213,0.9744494686213119,0.5415586218592636,0.5914006152935034,0.5525319067394349,0.8774137291811657,0.737126173744908,0.4307809800623783,0.9359941790017777,Medium
0.7663720254649795,0.6633225960906841,0.32107271054792325,0.4333745111943327,0.9039317013816117,0.6547312882230911,0.8445299240331914,0.16135507844694422,0.6781225015366464,Medium
0.5731783319441535,0.7742795872212671,0.9730446272018785,0.633258233129278,0.6044166333787923,0.7239858281910949,0.7971161873290034,0.1232307162545383,0.4144298124670366,Medium
0.7487429328535673,0.5183047005418182,0.7675075346905693,0.6065335044897734,0.6062062705508551,0.7027358381652092,0.6133178782912045,0.2216496602393405,0.6895342089054152,Medium
0.4926176291645214,0.8417939647069337,0.9532435614315142,0.8570989429875396,0.3106972757764453,0.992044731983257,0.8853151234201392,0.9668036004302565,0.3439796363163702,High
0.6886840611128905,0.8410450373132805,0.4858474852003506,0.529798655964879,0.9861916327283089,0.646124478369694,0.5768208219313168,0.5945765823055152,0.27725841634918613,Medium
0.7195536595309515,0.6649072333578973,0.7280245278579626,0.8003926119134875,0.3999783126950638,0.6474086191733834,0.7427277506509102,0.9692399450378979,0.9966832779346797,High
0.43109412209345616,0.9832096762954494,0.7749499778048464,0.6216945988842562,0.25869125396768217,0.6772741044143037,0.8472386434849237,0.4892480904971188,0.7507902311797877,Medium
0.6019625669163524,0.38788515033385734,0.5222847901803118,0.5404067477205514,0.730516999180167,0.7822970406451608,0.6273735458875046,0.3806345197767337,0.6447199773818176,Medium
0.48064880616338457,0.3118633654227067,0.893676464510941,0.6807290471453709,0.6762930961254981,0.6261613721318726,0.581660564570455,0.5555276765562197,0.3552896432193188,Medium
0.43802498228366066,0.8391107482299671,0.9630130240301735,0.7732427191535468,0.5321165231941967,0.957644970189637,0.6756076061036936,0.4955605197696191,0.04916082915504816,High
0.9939761394339671,0.8650088761554178,0.9193985823872031,0.7949594498635105,0.5377537871045425,0.6328427824331317,0.8907780966094921,0.19509821583556952,0.03105687603515561,High
0.5934123069848338,0.3841450603844033,0.8173468831575608,0.7689830902125918,0.828051136837145,0.9479078657800973,0.9579530578873988,0.6767436832211856,0.5541812554487988,High
0.885924667512781,0.48590798307102423,0.4942252758074678,0.598727693355027,0.3565701120797193,0.5517375318232923,0.7270500477159341,0.29443436425863967,0.7620327210390511,Medium
0.5527843928582583,0.3122866543566402,0.49713122947394217,0.5774118323335096,0.8562026551559119,0.8282813511998262,0.7968797231941911,0.6576291594080467,0.5373791904438551,Medium
0.8089016333343575,0.5053160275463953,0.9743522243122265,0.8092878012951848,0.7189976911160145,0.9534927592191218,0.9419641733433485,0.6851809831583381,0.8407850719391146,High
0.8561367159338119,0.84119931174307,0.3071991471549844,0.5154286184717458,0.5351758190236195,0.5843747191991148,0.45912811084776545,0.2368223678157833,0.03342653309322163,Medium
0.7573832443647066,0.6625723693988053,0.801234981269501,0.6288573449280384,0.5664228932670949,0.9841634800496275,0.5392471467196991,0.15521466439960135,0.3667520764259401,Medium
0.6829457131300951,0.5436669152178016,0.7943723137886836,0.7157370774773157,0.4053177657488767,0.7264416802077558,0.8253400037509495,0.8026854274615959,0.23707039117417805,High
0.6471045484883611,0.5602175064344312,0.7358826786648582,0.6764947708275741,0.8016914661575798,0.9728575542205122,0.8942466771473798,0.5138203813923882,0.44727296815712203,Medium
0.6093209599257972,0.3009475380008277,0.993076192260806,0.6120935042681546,0.6102997938442143,0.8384100218150234,0.9142174169983468,0.15234741595492823,0.07237639319412248,Medium
0.9577174865486955,0.5098603692956651,0.5183156050346076,0.6853756689572548,0.4566836341998749,0.6507934349367758,0.6490643061129595,0.9953796854527904,0.9541316415710726,Medium
0.8983716446726375,0.7525211191465513,0.5379803046552737,0.6022654124707223,0.6768400926087602,0.5941512624585532,0.4536039413751201,0.15200250489672998,0.22325540106936093,Medium
0.9790161463999075,0.9819361106714499,0.35525758206258884,0.6854427050897529,0.9965875616410584,0.6518675231125497,0.662668886379772,0.7255317059726979,0.9223077754835848,Medium
0.4745783340913269,0.8929425788887295,0.6099586955806162,0.8007911681220382,0.5482098237252431,0.5465087046313375,0.5384407541242323,0.9853110327370722,0.4258931550366818,High
0.8385204851221866,0.3165164752518704,0.48273396836439364,0.4414170930967972,0.9365531206228956,0.5719339831716649,0.5747178729979745,0.31526209379433306,0.985524133255218,Medium
0.9630042740926227,0.9289924232723874,0.5403706915243509,0.5707657087938448,0.47601347193965293,0.5523302201732405,0.8633605341025035,0.22802443181847656,0.5540583834602107,Medium
0.5087398396993961,0.848238889309038,0.8842002531789392,0.5844406195457779,0.24378616553998872,0.7114717718707788,0.4453162516155321,0.209246445480186,0.9308328641758075,Medium
0.4398977604200665,0.8462632864996862,0.9548391594692469,0.7199026704115312,0.3633936850947431,0.8977891881287932,0.8965487304884212,0.372947632810836,0.005348988694222845,High
0.8446723895740355,0.6205970313025,0.4300131504036299,0.5087854381016648,0.5349561146621473,0.5706917771081701,0.6566014514945014,0.190941229909582,0.7482388061809001,Medium
0.7446838679079472,0.578603705068152,0.5607562520874261,0.6559890869860217,0.37570794287565523,0.565160216586168,0.757638358660357,0.7229452075247187,0.9030506531025154,Medium
0.9050972660549632,0.5120410101832348,0.9500413934807759,0.580089155364945,0.20018163057460445,0.8217144747586653,0.4537913387414074,0.15606261831705642,0.13972056697895407,Medium
0.4838634259757737,0.345986401268056,0.3432659224824558,0.4100081410236684,0.9320012301980218,0.5985914909840331,0.6024154470143678,0.5584799153348108,0.09612585173215149,Medium
0.8771603871159341,0.45976475444558934,0.36465236967796494,0.680865111406131,0.8751035289847433,0.5488050190544957,0.4538205514089075,0.9970271684676791,0.4245726071859556,Medium
0.5209763920286468,0.4726225444846172,0.41395369244436053,0.5248173371035647,0.7938337851895578,0.5834242891027888,0.9769262337286657,0.8325732425554169,0.9336789061329351,Medium
0.49819356571942275,0.6388539487971411,0.7166489838888124,0.6121121717778227,0.3342516765168229,0.961865697938388,0.8843569895957503,0.6536974944079098,0.5423865601904387,Medium
0.4985594787585958,0.8232110846176857,0.4053305897041982,0.49145516742033085,0.29629086096798884,0.9107356263880955,0.6757796526138762,0.37562825870795047,0.5274564637217322,Medium
0.8887448321388293,0.6316668798785625,0.9776534670155135,0.7387669838514372,0.25408379957790656,0.6770322811775471,0.5341615289942027,0.6615062526624746,0.14112611829932187,High
0.79911833241772,0.3404911146130124,0.6127001690809641,0.7191347853298071,0.7792233510183371,0.8279103836636964,0.9600730631499114,0.5743373175204864,0.0007895110932187865,High
0.7138392548614716,0.9704528606917426,0.6510625722451164,0.7272408322138121,0.9430463685503083,0.768637836834019,0.6067579574361831,0.48347504550133436,0.8101400907454612,High
0.6152982904741016,0.9599070233658786,0.47266103106378454,0.41237152194050536,0.5444286567304296,0.8385621317412819,0.4965906590124249,0.21763933906617955,0.08757456298623822,Medium
0.9263203244878649,0.8496326802038858,0.6296721767043134,0.7201405395679376,0.29531253759683856,0.8413355762313797,0.7378986330723729,0.8979437937164201,0.633849818735324,High
0.6354670644535813,0.9939295310949543,0.763339542845908,0.5843768261959583,0.6099142565856852,0.8143670075299965,0.9662644722068897,0.5048061839391903,0.9146164545151915,Medium
0.8899596636829463,0.681137632960184,0.82582399586783,0.6088727766319685,0.4790655259669041,0.6330506842686543,0.40229817430019355,0.2751602606386886,0.208651913158431,Medium
0.6634809451421311,0.9739378451772442,0.8277076578969391,0.7179896738577094,0.4998599394799982,0.519503210381409,0.5428749059523993,0.4309834157895607,0.6652728362369108,High
0.6261666576549445,0.35292352843172553,0.7045237788858618,0.5876001083680193,0.6970644993245658,0.7277833909950544,0.9630685842462445,0.47271677727603434,0.07869857670750946,Medium
0.6776078714017639,0.5559765237829599,0.9330518424957,0.8158045637516917,0.774974490609762,0.9454869423453519,0.5026515801142972,0.8447841060101868,0.603755143837613,High
0.5808267244984853,0.45776688760473605,0.8721854931142765,0.6189749234665167,0.2884828790985287,0.784748629259288,0.46794607098389196,0.7602529425052619,0.16393172095320274,Medium
0.8485656281057508,0.43708315889398897,0.8299336802890378,0.7904198191163623,0.22847218464518113,0.916195520850954,0.7421123294798827,0.7923744042772058,0.735953560515178,High
0.7016322340554875,0.3985620642248732,0.33892386517632245,0.39416110595159937,0.995464242148572,0.9958121714806141,0.9171062939768979,0.10992813798578249,0.3012312947939082,Low
0.5393276170880904,0.7356895490961977,0.3048145735537545,0.46098514126308343,0.3861826791324415,0.5818081020691381,0.6862658906163557,0.47453859836178536,0.46339100880464623,Medium
0.9397447439647411,0.8469252990231135,0.448713094036831,0.6203399193533198,0.24306441992676728,0.8458888195709912,0.9967385540107149,0.5332097364717913,0.5994305420276217,Medium
0.6303347328239268,0.7048088795942524,0.7644665157394166,0.48782211542355663,0.351900263276736,0.8371467868500123,0.8075030197227957,0.11727304914075103,0.17127341066623958,Medium
0.7261317166683932,0.4028738967117468,0.587838242217782,0.45084143423197265,0.23116627707877138,0.9899777236791392,0.4444449443262687,0.3338318878705308,0.7416378186176209,Medium
0.9438832665787281,0.8677866389534297,0.5816843815095182,0.7990571841272178,0.5134487156937373,0.9928003669764002,0.9956992790091852,0.7842608408099215,0.30264034063681455,High
0.7745427975483953,0.7451682950146099,0.9192108217607295,0.7012813667729636,0.8419214275610594,0.8433393058620647,0.6447365420681143,0.22339873515609915,0.6623718599127535,High
0.4701388244250185,0.5717159942888969,0.9268939936922871,0.7258313477663717,0.4729955598061765,0.6218073959910971,0.5724415203072896,0.5817791183073325,0.15828305069937365,High
0.9638992741680851,0.771891206875244,0.9364226848375099,0.7518739599757454,0.5553467255026933,0.8992779190652995,0.7347275101467314,0.29368168481551377,0.6881176592063503,High
0.7766248318428508,0.48193348546998294,0.519714653560519,0.48644784839441046,0.7404694188539511,0.553514567105519,0.5825845550925186,0.11090869717950395,0.12818807281046174,Medium
0.6009433687942517,0.5416345459459473,0.7837390689174832,0.49458008751752236,0.6071152560559041,0.8903496520858143,0.4518745042720914,0.3170813118395873,0.4253564962699836,Medium
0.4835632435980324,0.9422400901923931,0.4901432268920587,0.6580407249009981,0.8891565488170594,0.9550980620723482,0.40085700584750605,0.9782863794190484,0.24720607373887682,Medium
0.8764151135621776,0.5033531539699942,0.43342688315211486,0.6594233089555988,0.8928285400366052,0.6914166973842176,0.6697500117521573,0.8213834006946906,0.7483752494281826,Medium
0.7720436535571081,0.6289917877105555,0.42924272014315845,0.7616052969048879,0.20792855639292293,0.8153176474915402,0.9021180533359554,0.9636189798889301,0.26203500450687456,High
0.7200766551857929,0.9230987961772101,0.5394753346045158,0.6725478770830557,0.8224370451865595,0.7150713660484131,0.743389111378046,0.5390686395337262,0.8817173063953962,Medium
0.9363355498305745,0.7954049451872691,0.6009703338458752,0.6820464880967831,0.5685868801933391,0.7188825274940642,0.9995243793660645,0.19876257880975318,0.8918202114066128,Medium
0.8731583267347185,0.3435422583152919,0.8816644197385479,0.7738952294223445,0.9910724330429306,0.65518544455406,0.57210798738832,0.5931635400763237,0.19644131522278585,High
0.4910049278396507,0.4031121309952792,0.38392376543089846,0.4222981904746089,0.5865856607003481,0.8810648102251624,0.5682730388560332,0.5089396011039649,0.6138459450077243,Medium
0.587033240677329,0.30548911354034175,0.814448093176426,0.7281172681477054,0.989516756310638,0.9680882820832526,0.49584967614036657,0.8599213744656543,0.08771764171996432,High
0.5490934838886794,0.7416452531604143,0.6720184399325138,0.5431741211560133,0.8036554889645893,0.9703754296172306,0.49843815295920113,0.18827432270582012,0.3915370996016292,Medium
0.8463677755436062,0.6133713977872928,0.5015617398731947,0.5425535744492684,0.3988839076906451,0.5873906424374669,0.5711119576060287,0.5394170233196004,0.7133217295012723,Medium
0.4201194608414677,0.39399239563159283,0.6449737091729772,0.4640265111981794,0.6307159834295661,0.937371824828283,0.8757040271641163,0.23504379822458585,0.6594232468499163,Medium
0.74193381092279,0.9705538847397392,0.5099594488439159,0.6085498209185441,0.9937085115828663,0.8687157207135611,0.9434540743818687,0.39220833420105394,0.624700669406608,Medium
0.8574752114444143,0.6707618067619339,0.7172573686668142,0.8543514754402795,0.886024486201539,0.6264187003451447,0.9850523018246088,0.7636213696490197,0.2825408636624436,High
0.9260593820570496,0.46932530587902244,0.6036907459986709,0.5123665863118129,0.2778935150329769,0.5336423064607573,0.5393737924578716,0.5284163164318899,0.378024949434402,Medium
0.6052490492295445,0.6504224998082953,0.4150838703552151,0.5859310058854865,0.765097597447997,0.633998633442189,0.928778527368455,0.4382994566311924,0.10294614470028618,Medium
0.8927543828032077,0.7757342329145754,0.3816081521889877,0.5102753901616862,0.47646366869665047,0.9561041183907628,0.5969530535664023,0.4550286507130318,0.719022820433601,Medium
0.46637904217312437,0.3533674525814951,0.6826869774504911,0.460989066139033,0.20558580950427852,0.8165893374478861,0.4677043267101307,0.513502091565388,0.5038887967912735,Medium
0.9078713750407109,0.4922926705335244,0.9316891233002724,0.889760550608536,0.5227847752215997,0.8605273304489359,0.9220149553120994,0.8065148894533511,0.7087656323456546,High
0.4764931973991895,0.8648758436187955,0.5407703805903799,0.6918431614299294,0.3878035373799771,0.6285761755545479,0.7816633807861711,0.9028762200462109,0.24894352479687276,Medium
0.6383723743362204,0.6217654092818629,0.8131000750558361,0.844808979350667,0.8550954164163773,0.8596940777874101,0.49883853764863706,0.9598012178535354,0.3244382286350662,High
0.8783772194677322,0.6826039994226064,0.7610629484578368,0.8087843971599908,0.46986448707661244,0.5140607531389618,0.6578987545078016,0.8082130476297655,0.33421533726011465,High
0.48995045640926427,0.6029712015466284,0.9520884400166367,0.7621956456769761,0.8620189551630537,0.6876606728865069,0.5723546169262406,0.38386620617321143,0.0257424097472162,High
0.537550837139585,0.33072995985010356,0.8746867121093986,0.7066177679826109,0.20047835106783626,0.8133766742711657,0.8420767412261182,0.719321235477888,0.34104787283062354,High
0.8333515410358399,0.41602484587410915,0.696623681233824,0.6236431682524954,0.44625532002089535,0.5730482827706601,0.6720497383745608,0.4938428116498528,0.8033045735180335,Medium
0.8320219219276446,0.6118791471193237,0.7599213487638751,0.6623369869167482,0.39293217144620957,0.9115017872234674,0.993567967063831,0.32920355984144606,0.8972984957497385,Medium
0.7846885797311784,0.44642982578554946,0.9288705266088244,0.8440399885365423,0.3868538888548888,0.6175156494059593,0.4328469893557571,0.8567844214833303,0.5182183156359275,High
0.8163690666802601,0.3349853200617751,0.5796631492108544,0.4377095325942518,0.2545492958123702,0.8261405564092231,0.613009159681748,0.1345837140660925,0.45550169521922024,Medium
0.7256346660085577,0.8905547648362766,0.5287562941004441,0.6664911075541152,0.3496994163284014,0.7025985712876648,0.6891401002659865,0.9115857929218811,0.030824618699370254,Medium
0.5510794353441717,0.986834770414881,0.3075677585446374,0.49724849784948977,0.644439655908496,0.7980217977388235,0.7018801328489919,0.5153297181622608,0.8792043375853826,Medium
0.6074175961023517,0.8552000117977177,0.878585751934025,0.6287822435058262,0.4330888582701956,0.553725276314454,0.5895614934313821,0.6734813291274524,0.013010213425872719,Medium
0.5089586300808554,0.8976494451932668,0.8606864902823554,0.7416284938175935,0.5339158258633183,0.5084563999608036,0.8375441494585408,0.6934185299852045,0.9447500802102118,High
0.945070336800177,0.46938399122193175,0.37311816267010595,0.5699559672967419,0.5014935042777509,0.9547822136901506,0.9248482440933848,0.9056059666358828,0.48921624868809066,Medium
0.7500350768596723,0.9724388828592399,0.7038001667928901,0.7576823822289545,0.9007239399999156,0.6348150043835914,0.9632315811867178,0.6730027139504866,0.3419344935747266,High
0.640510850058184,0.43784799311739986,0.6247871887168212,0.687326791016447,0.9242391992084125,0.9098385013902295,0.8830560260797158,0.6525402262840556,0.9242184348426601,Medium
0.6772034821864796,0.9660008672532825,0.383096366856378,0.4575130824417524,0.5943655773246881,0.9996751502361001,0.9103481183839597,0.15998683650462098,0.024390993110096737,Medium
0.9683700037670891,0.9963735057761656,0.9863977589425064,0.9237707624391501,0.46412476025248356,0.6057156289994556,0.7303271803719973,0.5665672197506837,0.5814248948690871,High
0.49201084186964816,0.7982059640222341,0.4502871212243488,0.38063491237048414,0.28544056320189093,0.6325853705916777,0.8955329358560887,0.2351521007353375,0.5489325244993376,Low
0.7517378992100783,0.9868006122542752,0.34706392606339276,0.6982268796832788,0.962722303505676,0.8314298938173328,0.5821023454887714,0.7636903918493371,0.21932040121138208,Medium
0.7035332073306796,0.6986778456969726,0.7163931656513367,0.6796822596762871,0.24818155592023797,0.9827243173003106,0.6390872572655286,0.560999728731407,0.42888743135021057,Medium
0.7668725412607886,0.48167924822326325,0.8172066739931227,0.6312277583957097,0.43812022205462436,0.957907174095372,0.5901478082911266,0.712205001287518,0.6522640059437702,Medium
0.4108661102925043,0.6058971199659346,0.3227104122330309,0.4815719640344561,0.43845296093600333,0.7514377600327924,0.6804324012687553,0.13750561054214586,0.7271311968819275,Medium
0.9232743453664909,0.7154926547651501,0.7611023471089154,0.6148643353058088,0.45632102891217197,0.8975551412633623,0.5713477697431818,0.1763128144412229,0.0007168587065797816,Medium
0.9592709694901674,0.3511570934189105,0.6726043131660181,0.6700997910528825,0.33142947461792743,0.5678729265499505,0.9769668653526681,0.744691049256414,0.9368534300910153,Medium
0.7390799101535254,0.7356402852320723,0.37228550621253387,0.3932563496659177,0.8265291447389578,0.9887190921020061,0.5877067768034009,0.16487590239880603,0.1645253723928124,Low
0.8179904943261354,0.9868244857336061,0.42076671386245346,0.4774220102766137,0.2979982895727914,0.9821766170179933,0.4588267228665639,0.16413105498873276,0.2335804342223592,Medium
0.9534996287063774,0.4330753548486093,0.6975820081212563,0.5707160087245667,0.7079253273225303,0.5818644789395855,0.7160902996302481,0.11089762771139872,0.26347344569384823,Medium
0.8243431805880392,0.8548165814018682,0.5074503294593018,0.7099698140345045,0.29907682136465397,0.6497115624015533,0.43425944706710584,0.9608512584695321,0.03782013655203531,High
0.49152342574855684,0.9355291556457335,0.9568210100559211,0.7389322477939113,0.2564285100743653,0.5500774987533834,0.4663258997851483,0.7637575235131062,0.12305212359032491,High
0.745773016100088,0.9605911149741546,0.8731181606388354,0.759906765183067,0.9275436029487012,0.6358587994490899,0.5316336335177478,0.4179262676518578,0.986349922944162,High
0.7640290278297135,0.972094923083813,0.988497044559564,0.719863935775944,0.35210301305496455,0.9079778947076034,0.678610149929285,0.36688202315888974,0.31521673737728606,High
0.6544784027814317,0.6650217471050304,0.48176958726528973,0.4487997657920924,0.8570001236477636,0.6891578035826298,0.6599505593854167,0.4147329067712646,0.11530109033904934,Medium
0.8418665413748336,0.9841155355940525,0.9788065429585839,0.8769721123075294,0.6357046968857087,0.5441984835733792,0.8798151172016747,0.7971881780630636,0.10699126117462332,High
0.9606202088614089,0.8301171449941072,0.6018637088540905,0.5965210595936776,0.2622852156870157,0.6711127623894523,0.843684792330468,0.6952335499633729,0.7194599676699719,Medium
0.9553411077440658,0.41317000536587334,0.5432631567196282,0.5878923377292639,0.9643585531504539,0.99069166712064,0.6557909763944207,0.26667601108072114,0.8545686640326409,Medium
0.6705036228424792,0.6338300745275789,0.33524466887854726,0.3799185279717271,0.39756893359351403,0.8148417976296014,0.600222524545378,0.25669840180067593,0.2569522995084699,Low
0.46794282750445315,0.8028318227604028,0.33693568050172185,0.4209861522197872,0.8877162762820852,0.7080804732030789,0.5898812704368992,0.1885560847420576,0.02090951233523497,Medium
0.9909047193774008,0.47313822107335834,0.7844078791626583,0.8192816375489804,0.3350480046276514,0.5832692567486351,0.8643970523764054,0.6942724477312043,0.2230900184453558,High
0.9033388518675605,0.748430628484221,0.6205502961038195,0.6879697385670739,0.8831543057134823,0.9930883986418474,0.43124344373276186,0.7879353959995623,0.056515690796757334,Medium
0.47479760872196014,0.7666203353326334,0.458565138225274,0.500731414956763,0.2105830503242352,0.9104245046315644,0.40769298970636353,0.33854178549250363,0.10339493663004151,Medium
0.9525051295704234,0.4138898206659961,0.7297792144276628,0.5696934209485925,0.6094243652555846,0.6407386512254597,0.8773266351559889,0.11885046492782153,0.43150811984764237,Medium
0.921937817237277,0.6955597187169293,0.4770006827750778,0.6271342340324347,0.8155540635372456,0.5350343478605948,0.6862878255934296,0.1739545007287846,0.22991837086163258,Medium
0.7113028342756433,0.8401388376850254,0.7043422280410958,0.7686233624745545,0.9478364139942268,0.528312778688779,0.4785286831321456,0.9710740313605274,0.5159458785254234,High
0.7547652614469575,0.6492269651751593,0.5514461228878832,0.5317673809608462,0.9273617089651898,0.5601890747527669,0.5413395607567008,0.3659002997296783,0.25349375325719037,Medium
0.6394016223220782,0.3084721817432752,0.8764865586282733,0.7886950823168106,0.8556998956381159,0.7903842918072108,0.9595023718584296,0.7923008330543202,0.9405373011029476,High
0.4328569832932188,0.3063269283555045,0.8744873125367454,0.6583472086482818,0.9105530797290433,0.9643817106027461,0.9157017853749387,0.6621972119688374,0.9059439679262645,Medium
0.6011183449875406,0.5499205407790085,0.6341452786856809,0.5252928527710508,0.3593757486696612,0.7483717140029922,0.8258710301343835,0.44374567568760637,0.566806105010466,Medium
0.8817120691588068,0.9483358479022472,0.5455733765345109,0.5653484506064642,0.427347436569383,0.9214727412280985,0.689335138202396,0.2851185359759996,0.35442399198738617,Medium
0.4027792138027617,0.46007374572252613,0.5537918575913662,0.4276404347490834,0.4311748199368468,0.7229433099299039,0.7121941757148315,0.2092477763434658,0.38114688203473557,Medium
0.6000995030146865,0.744054582210181,0.8640001679677525,0.8016518352822432,0.5016431448013591,0.8542917728839126,0.9851467211703752,0.65351167123498,0.41185228314449696,High
0.638901216154566,0.45545310948532436,0.5297256379583284,0.5360236809673202,0.514656536308151,0.8659363686432504,0.9794622663305723,0.7971704025740092,0.727579322134944,Medium
0.7224373617627537,0.525168992761684,0.4463415615947922,0.582496692540934,0.6356442597237404,0.5869818529516693,0.5291614274715006,0.6795138281870176,0.4516389955188379,Medium
0.9519133698476563,0.8936294627210388,0.35928183931271473,0.6417857512386653,0.3279038106931531,0.6806080294879059,0.8866627397831909,0.5772719199242425,0.8567299465058974,Medium
0.6078075966195767,0.8102030095889627,0.6266851846190858,0.5296002354576497,0.7529973310287914,0.818651078269012,0.5183455997002101,0.13775610108847264,0.9440947859303646,Medium
0.6081719211377367,0.36677949411924743,0.6374924692438892,0.7329467172139452,0.3340532314436052,0.5353483040921831,0.5281224867303709,0.9716398998349454,0.33594615337893385,High
0.842500748865849,0.6000914146905034,0.8886360972820349,0.8032204822344046,0.44824678568363807,0.6807700938814782,0.8056558204987461,0.8188427724891171,0.5606944813756801,High
0.6713307645338843,0.3204188345516851,0.45486708751224475,0.4694527413215235,0.6026761044849233,0.7673997331405962,0.643000659152529,0.36353983303086823,0.09505653683256443,Medium
0.5347628937639892,0.6366231026221063,0.5666938915678799,0.7338715071943097,0.8371524492187818,0.9981122465223193,0.9589266442639122,0.9819732964229656,0.200469047766359,High
0.6714637096796161,0.7637038081907477,0.8658840172255835,0.7413606385761216,0.7915753865909818,0.7372667813112204,0.45340584093760533,0.6416934306726899,0.4134657667101601,High
0.48451421222787994,0.38295183651870607,0.8765365275242814,0.6496776153942576,0.7164274851284178,0.9080283785571618,0.7069153844856959,0.6241803923865218,0.20620271590177885,Medium
0.505832191903734,0.5022194572364159,0.5692277531851377,0.6335283414066507,0.32461860846413615,0.7160336425333089,0.9511129182658727,0.7732658614865789,0.8765604907887176,Medium
0.6990206636436879,0.5784856378515097,0.6213868163006766,0.6691650935175822,0.6376362764924621,0.8981953613098544,0.9424681962877031,0.8305928092811238,0.15828625605909807,Medium
0.6513552697027287,0.9436717172592348,0.5123001235944981,0.5842858344476329,0.26995720143990837,0.7977074008100542,0.4939175280494448,0.6908307465983524,0.45566082155309195,Medium
0.94890754064086,0.9952785107960747,0.9527884148935184,0.7063008043393849,0.5018905414373207,0.9432977207511992,0.6199826200578739,0.21528617172958003,0.6056992404598757,High
0.6174363394699799,0.33143790929693107,0.3830506360191062,0.524576731500458,0.5308132242319674,0.705471276175055,0.7714728400280177,0.40444075539504853,0.6918639081608444,Medium
0.7483530101668261,0.8327055464467743,0.953624596101029,0.6758520707084505,0.23184915155660307,0.8021522099107394,0.49563693086284133,0.9352752762934448,0.38306936972650674,Medium
0.7793585727517183,0.5602068464816403,0.7787065162847402,0.6497583234413515,0.4191904795759775,0.8150093403094136,0.9808133032274432,0.30215405065946677,0.8690990687247285,Medium
0.4078566739530002,0.574720730360636,0.6721005068807118,0.5803982148608536,0.9645195738131915,0.7086914709002367,0.9488495972365962,0.434950321453762,0.5683191510779255,Medium
0.7981224232100264,0.8279854813429159,0.3228613425491471,0.46675208805325813,0.9629060862637517,0.5721560218437407,0.5001701074206816,0.4888691946497764,0.4395077804475518,Medium
0.5068215801218509,0.942898502501786,0.6329173342754058,0.6042554409169236,0.48186164340203147,0.5467797034561678,0.4726932767565913,0.495464490725007,0.06724063405203662,Medium
0.9766421904816731,0.9656500161517838,0.5854236735019125,0.7177769899322083,0.23448008715865926,0.5083357752998166,0.4512450896849592,0.651645624245073,0.464689468445165,High
0.4891976366518678,0.7039858102268245,0.4128531683825858,0.6438578498416164,0.34327595146254525,0.9367671321226073,0.9456661984219786,0.9487682539702368,0.8207358408157303,Medium
0.6487744742362143,0.549984811510352,0.7594867224504598,0.4486356118972106,0.5137742347468321,0.6182374561193473,0.5161742858772764,0.31662344064925446,0.6145410182213155,Medium
0.4512098008471863,0.8512843601011455,0.9798056351578,0.7193593845203101,0.9582237583753839,0.6057533746408841,0.6497709571266128,0.20935123867082628,0.8321624537291183,High
0.9981245511075684,0.4757009682836102,0.6935321677451676,0.5715887942559746,0.31295925082974796,0.8680177002130327,0.6693108193912018,0.27772344087394363,0.4940116705993056,Medium
0.7013170061987455,0.6948518201834624,0.8003272935107619,0.8272605909447419,0.8108126749345699,0.6600080565436959,0.7594066265281405,0.8982324101883425,0.11846170509448184,High
0.7572310103920263,0.5510049230674112,0.34791531679621174,0.5721775390327666,0.2869460314997537,0.7530223462059182,0.443041206248455,0.6812297313896855,0.01363984583588107,Medium
0.4402458864330565,0.7596417515955132,0.5923668970718963,0.4928890013368392,0.9850060619130214,0.5812555326487281,0.5360551704403096,0.35731611031524413,0.3032195467185912,Medium
0.8499762822395067,0.4682792390254548,0.3814509396151471,0.665151439673198,0.505293199287308,0.9798728607309846,0.9588942321513556,0.8343522450717555,0.6979904714977925,Medium
0.5259433558573514,0.434115062014378,0.7289570848755573,0.6915304289895275,0.8201876311192449,0.9257907000086187,0.9450460643611417,0.8752329967270924,0.7902599039416938,Medium
0.9388325736644283,0.942767360672806,0.9569375107499081,0.7960106095356547,0.4740728662489055,0.9318948114825016,0.8687743884434154,0.8618629048212503,0.2957528346203294,High
0.5230837842892043,0.37126257806467583,0.763244412730147,0.7547129179200474,0.702135101727047,0.7033868742860026,0.41164074737092926,0.927033880275599,0.4956539208832471,High
0.5144126323981999,0.6541705354144521,0.353762133820095,0.38260915469079737,0.3536128677920294,0.8811806068535863,0.5962040610976613,0.3270169181560254,0.4211189044340816,Low
0.42192980070885694,0.4545969480741062,0.5482663434895579,0.5285782388337029,0.31681681543757007,0.5719380776948901,0.7767752412057447,0.7795377358716504,0.41052278435142786,Medium
0.6832401670659995,0.3272509743279672,0.685464365608596,0.5935320242297802,0.950451311654505,0.5043095012958901,0.5651141270640854,0.514485547546726,0.2313487132001505,Medium
0.7389046799575698,0.3252131728039985,0.5822454292932765,0.7061431561589845,0.9341178223235469,0.5099864662890141,0.9457520170322664,0.8577986976010554,0.13637110502945837,High
0.43942518365701144,0.4226552404740791,0.8835508073326206,0.7099556666289737,0.9099751521703059,0.7933008687022802,0.7803336770994651,0.7556416094454519,0.19668855823121312,High
0.8653165700170063,0.9067392481542,0.8702697032969924,0.8526101961967223,0.7003467601332749,0.7276974526239703,0.4431440303898674,0.7988027018497522,0.0553323871633461,High
0.6719733008488166,0.4977351207839186,0.728281714072255,0.6343296134389748,0.8466145689730227,0.7590076744542599,0.9454033533014218,0.6905456539129643,0.19813074182357704,Medium
0.714634161596548,0.9653214194027069,0.5614205615928937,0.525252802647982,0.25522954952909993,0.5037315702086097,0.9746599949057335,0.2596858925227362,0.009200897625379456,Medium
0.664457648162937,0.7071356050924354,0.4787354616342709,0.5587166390769391,0.46783123351254335,0.7113433098287129,0.4466274510350353,0.5905242270072445,0.6272584006359783,Medium
0.6404578365251956,0.6056299328381363,0.37411202274919053,0.7195577566131448,0.450962499805725,0.8590340806004304,0.719416140916789,0.9862027655720573,0.3163754073876829,High
0.7357841987849307,0.7060621842686181,0.5484283784405878,0.7044614200237471,0.7085162575620907,0.721346850983718,0.5820185693285023,0.943649259847407,0.9731447114269086,High
0.4931441475584275,0.6616888696583874,0.5892207620454036,0.5160236701640923,0.48476621877651244,0.8661096031561111,0.6357034458888414,0.1388563622173105,0.19371705077629786,Medium
0.5091568782971627,0.8311433776301276,0.7730760475728515,0.5608632298556901,0.31880542531494466,0.6165094821984174,0.5077907307732051,0.24833333415649342,0.3458285703095939,Medium
0.9170713726081103,0.4977472461809965,0.7607118770083015,0.6010950443249392,0.6771736603308349,0.9065710022408627,0.7468432612074476,0.21855589610910572,0.3578411586415332,Medium
0.9676692772801796,0.5471352741202117,0.34907569774887987,0.6377478730453646,0.8515071365352653,0.7942156202267261,0.9747876119493344,0.753381918986766,0.00845149606246054,Medium
0.6239855897678518,0.9258660117732755,0.5766815208018103,0.6801800828144473,0.5056987955679786,0.6053815497149531,0.7018435601629655,0.8360067968712506,0.8392079530394589,Medium
0.5624468038861323,0.9625195592052838,0.4272452070521533,0.4992776695797203,0.3058149720787854,0.6183602379269164,0.4497487488366887,0.29216022967960475,0.03199446014432472,Medium
0.7863997259434095,0.924790759240532,0.40976889372176395,0.657193121105177,0.3573505578502585,0.8140152322847685,0.7720008000864451,0.5552674236566462,0.9401798347292414,Medium
0.6452405026588579,0.5936135957701194,0.879111504816072,0.7779467325215579,0.3899866441355072,0.9149697966062217,0.6041337966707543,0.85663272521008,0.8920743510936207,High
0.41523181339620696,0.8462558521048171,0.32934065170138027,0.5998490669022206,0.439918074395629,0.7078138910145776,0.9135551137547787,0.7595213902896255,0.5355219160859636,Medium
0.49369155841971424,0.6334350133107691,0.5934280131314849,0.5372976492349675,0.7142360564050474,0.6291502145637962,0.6608068889898822,0.5880134849426635,0.5435955749112921,Medium
0.8295833373084385,0.6482778965022715,0.4177425590365627,0.5738740653370102,0.6807563876301752,0.9335058034553002,0.5157037653653473,0.6313129214128956,0.6537779229561563,Medium
0.7953543651460908,0.44327607634009875,0.9155311509749318,0.6905767429936498,0.7568638892536315,0.8346341458754174,0.514663373614687,0.557524492224652,0.387050011934887,Medium
0.4162575955020901,0.7137912122809615,0.6899283592925245,0.5713392019742702,0.49000158762521057,0.7240427436415382,0.8612585084326962,0.36779360618693857,0.6472222833978555,Medium
0.5331832971597696,0.4302951284273435,0.4619664454637936,0.516463991345744,0.8591981215039828,0.7439500976396509,0.5593525589844159,0.6085197935731145,0.04476838868848687,Medium
0.5386448779528429,0.5320952893470356,0.6516991010164634,0.6667015379650216,0.36327012892460825,0.6021282339681981,0.8603400364955338,0.7199967718450816,0.05404762734972657,Medium
0.803135646159237,0.8985211411339546,0.8120404517921811,0.76457922118329,0.5752325980145232,0.813401315032422,0.5235323864599597,0.8859906242747269,0.45723041961954436,High
0.41182632265261854,0.44495306644759863,0.9706826062436036,0.7086047265946362,0.8407509772331443,0.6793712552714444,0.5930118212207857,0.6726622185813232,0.5496223011060349,High
0.46246514919074433,0.34981079962140293,0.4543122029717932,0.5682495773082359,0.3441269181860954,0.9978225883371746,0.6792921834638197,0.7850093833388422,0.887817640335819,Medium
0.8799496512239136,0.3483053148289714,0.9203272404905416,0.5533763750525527,0.28789049099262637,0.7400917576309439,0.9659175098160704,0.2440644714591157,0.10466063390789626,Medium
0.5071267972326002,0.9585491643521755,0.9540128799172432,0.85941608241387,0.9069471741503918,0.7429428030948066,0.9590388548522948,0.515401726977811,0.8226479271938894,High
0.7916476647111248,0.6548443065732842,0.9414943811724463,0.6162023600000484,0.47434373020735676,0.7829258937053359,0.5241231252533727,0.10839845784438397,0.2100473372920696,Medium
0.5429096686280359,0.5865884502719128,0.7447900498033369,0.47526942125117627,0.7470960999272256,0.9583780015593734,0.6149314247458437,0.3220109780694607,0.39408364851003186,Medium
0.4596648356556071,0.8676150067055428,0.7408744581042954,0.6698550347916152,0.2202788834111508,0.9004090499298751,0.48963963307226344,0.7538155436017043,0.3166024348274129,Medium
0.5459033145996725,0.8850781495373612,0.5822474432286759,0.7242059233717545,0.7520375107275596,0.7255650348989207,0.7059910475880983,0.9926289562144271,0.400155272865399,High
0.8333601591133954,0.5325337231809232,0.8266785176126514,0.6089447677164171,0.45288104923757644,0.859349632986398,0.6763495304167999,0.18926028962849434,0.15049549807258555,Medium
0.9134178808637714,0.7855326402316567,0.6719058128456523,0.720552090424041,0.2445926828699534,0.7931177493903808,0.9404560974704395,0.4613448842751594,0.503570074403555,High
0.8981319187401949,0.8397859710963205,0.7742066498598061,0.8592581966329238,0.6878502092384937,0.7461835243506245,0.9580032266746435,0.8200638718292436,0.8016425898313673,High
0.6383101177710729,0.7582554808061681,0.5999205326941568,0.5504007597936266,0.3926430528585386,0.5961578863921753,0.6301404346043753,0.28363207116600897,0.44153401037889695,Medium
0.8008510819423877,0.40611655236006955,0.8120475248301973,0.7176248285780451,0.509445793641504,0.7319681317274455,0.6950427658113937,0.5995764543720576,0.4906135758981991,High
0.5229905772494926,0.9131181584619399,0.8771300623231844,0.7477388922098239,0.2644646498292109,0.6229092935112873,0.9377417494876799,0.7597641664267073,0.8487675852813142,High
0.575888638156608,0.6773661869152061,0.40250537962197125,0.6362502622372246,0.3177306008759563,0.9574210749258274,0.8840246846470369,0.6543869052341611,0.7060581146380308,Medium
0.9378014911126719,0.49773069845900253,0.8830508009019595,0.5817756915148741,0.438381788396675,0.6677034067481735,0.4021937868067896,0.26922226115387454,0.4904544085197847,Medium
0.40780115410644163,0.5976597298063857,0.678207572253215,0.5338351327035522,0.27180760044812574,0.9761320072666861,0.5920357385101496,0.41984611181716547,0.25769564818917967,Medium
0.45130511851268085,0.32629976327923516,0.8912661363631569,0.7185248086717543,0.9286610117490521,0.7665276450473556,0.6530645451616756,0.8054126060368575,0.8849267468449666,High
0.5247317530876164,0.38950676085569225,0.6019111944387102,0.5820643009774306,0.20483763454718273,0.8157721893380802,0.537829770209939,0.598803862718815,0.5770204016905583,Medium
0.41591932232429185,0.8358827253611025,0.5653283397681245,0.40396258232717325,0.5870881750914492,0.7714702222446639,0.5197429695375633,0.10470665218862146,0.2211476101106934,Medium
0.5088612610538784,0.3000081443287563,0.9405425127620557,0.6060656705200376,0.2985979665060412,0.5646903084833504,0.4226707039574078,0.7848916840252844,0.26911975263801036,Medium
0.7498249365818153,0.5915960799376045,0.4758184872838809,0.4780555268571561,0.44614327158235884,0.6879106095039704,0.7860218350418564,0.13178021944621518,0.8031330889362459,Medium
0.6528547303554988,0.6657571267599118,0.8909486277003,0.7907479952748789,0.9408476478546124,0.5495730561388119,0.5575061742898995,0.771160404458109,0.04414556208745546,High
0.9356030266461849,0.33824409400068056,0.6388144007565828,0.6276063489875686,0.3293556426191895,0.8114770220916909,0.43140830705878785,0.2822325041487137,0.9920921870288201,Medium
0.8904661370430645,0.9811547140806329,0.6598668097858817,0.7597731850569163,0.9726658557746661,0.7234370976002195,0.5385875863168382,0.9622661321074422,0.13035167971479178,High
0.6050904110187256,0.45828773187477034,0.5159277970426388,0.5752321353996115,0.3646355015915374,0.8889924857854684,0.8811483717016759,0.4311466761718761,0.7960685253969374,Medium
0.5556540600587755,0.5129391037453965,0.7011295404333109,0.7099577132034471,0.7932528867734636,0.6102352404996849,0.910893508987928,0.3942384547042712,0.39477531677168287,High
0.6278154449003601,0.5127597585785191,0.5276478373933479,0.46748645282596346,0.6373418119178493,0.5822830292146675,0.6898397471159816,0.23399924529920021,0.49221618328746686,Medium
0.7541769655088846,0.4612916634821449,0.3274885899691566,0.4186606726659643,0.9075829820774073,0.7031661154818839,0.6496424022452117,0.37504379394119336,0.8806505774645779,Medium
0.5608381844937258,0.301031675460418,0.4903990237410492,0.5973035068720094,0.6431946044025048,0.9632926916091906,0.9867122161010691,0.8889856856453805,0.41291118958921325,Medium
0.7744893447094805,0.8105413558615975,0.3044653303846135,0.6497896530512647,0.6276473753250469,0.8552109075062059,0.5203387957528419,0.9967009038645226,0.5374937536732345,Medium
0.6456469913147442,0.9767918498594996,0.9848483509397996,0.7518436426925895,0.35636640029471994,0.7094618123964593,0.5292155697127651,0.43147857745616347,0.04929966240916994,High
0.7312283085111881,0.45700543829953155,0.9760230468738231,0.6753271172040568,0.33298348964132696,0.7586360848771553,0.5751203062218398,0.5037495678590883,0.0023474738674531537,Medium
0.66167591748119,0.7641330342623956,0.5766087082306135,0.7476297081992284,0.9331913208924114,0.5421065055885492,0.5036543909686524,0.7498638443824633,0.2447998730017259,High
0.5766794557251507,0.8193274288711005,0.8098595980377521,0.7038814240997191,0.4622705590800273,0.9922879481880565,0.627619358922512,0.8975762024185671,0.6805830929187673,High
0.969071984177294,0.8938977653633673,0.5420642688872974,0.6166097020739445,0.4976658039703168,0.8332036523474595,0.9465005361938523,0.6337399007681057,0.1212648933591367,Medium
0.8581634764958566,0.5958404379095263,0.7697652099601833,0.7479167474365583,0.8078589267427108,0.6427020342317112,0.7692087043771445,0.4523731283600464,0.11376195880454942,High
0.48406790545987155,0.5120516339483004,0.8638010301321852,0.5103693034189798,0.4710587859382459,0.7929041971076222,0.6471679291673582,0.47135965676376135,0.4109606080359033,Medium
0.9210807855387477,0.5277065938161217,0.9627293712845684,0.8413645126598028,0.9616499573112023,0.554741183034497,0.9606464767427288,0.7260563318471261,0.6478370386082265,High
0.6924587189497082,0.7988349331689589,0.5801485930947703,0.6640064481955988,0.7903422151990402,0.9829183344037917,0.4290785394854934,0.10289643724385082,0.7120719922479305,Medium
0.9367313361364549,0.8717456265539452,0.8483085880692334,0.7954397140273775,0.677943394058736,0.587392493941683,0.5261657067411168,0.6576304037138566,0.17845067409837478,High
0.8799131535683891,0.4271297774296219,0.4861499154424831,0.5200080882508449,0.9047161284358021,0.824015159027607,0.7395331630610553,0.4199437093972217,0.07958814737204245,Medium
0.6551281026815401,0.5596587057104356,0.9932326126555537,0.7858982469145742,0.2396847266795862,0.6227272312694652,0.7693315739159075,0.8147775981493758,0.9403970339455442,High
0.41348158499207044,0.9313581377244049,0.3180387191350458,0.3719977698817954,0.40565015375136704,0.8587806913242679,0.4237345039375679,0.18369157584081897,0.26066638256210173,Low
0.5612064156309676,0.8646854637863175,0.7224701645507846,0.6776450102846939,0.572029067376728,0.8884106836201405,0.6418232547442793,0.6293820402535515,0.8533464976087238,Medium
0.7249805287965201,0.989400881933733,0.7616541871559289,0.7354009693133983,0.38158283157721684,0.8367098644557163,0.7894923788985236,0.5328756008975114,0.8634914504628183,High
0.7800869318956885,0.8279737817774564,0.7816318899518901,0.7106519348345223,0.7951241498417216,0.8072497301275963,0.8188423278420409,0.6780929733147046,0.7725225917625445,High
0.5547326112599213,0.5752366407195455,0.3842713051523623,0.5128471229654104,0.9353664248429803,0.9462345469760058,0.7828839415097616,0.1583682350346715,0.16883360665257008,Medium
0.4836136444436945,0.7134464837962464,0.9569708484311912,0.7273269421373055,0.5390160959447388,0.539313355494879,0.5923379346165547,0.6219854086853182,0.8218014592542003,High
0.9009581420795795,0.7627099779731241,0.42682829533505795,0.6400171719038947,0.473706080089516,0.6654573828900976,0.4561120741587457,0.6053361291635714,0.7692505592415867,Medium
0.9906413084221313,0.35491907142198675,0.7359273822678887,0.6922112065543251,0.969240585710053,0.624143739815423,0.6562674678516005,0.6045940849745538,0.5967229901062171,Medium
0.7154141093816115,0.6811478713727055,0.4558732553861594,0.647513810666871,0.5558819462620327,0.9940069810327108,0.4772526624208333,0.6431388999368093,0.33720203516895275,Medium
0.5030075715089821,0.7965245799308267,0.5150514919148896,0.60286530567396,0.5912387203594266,0.6946948898334367,0.9685741951124003,0.708821143503726,0.2625086042665441,Medium
0.5633843959116214,0.41712491280074226,0.682520979209687,0.6715929846629938,0.4813198978735243,0.8663063496201994,0.6851025196135769,0.8244900997126928,0.12188921208035897,Medium
0.41103440592848006,0.8464422021978899,0.5920353929952036,0.4890175612744906,0.9276387784097107,0.8423625819405023,0.5903555046141206,0.3428386481153929,0.5097570669008714,Medium
0.9485792839362994,0.7086409463598782,0.4121579206835544,0.6413721010977403,0.6551643866254806,0.6060406187386889,0.8597824426713401,0.8425444691620558,0.5852608755098465,Medium
0.4706506497340847,0.9665552499883161,0.41965548169459377,0.5846083086354112,0.8097396697453159,0.6194988401057757,0.6987691555493583,0.5484301140371083,0.3593389905157872,Medium
0.7459098853085522,0.3296956087448242,0.5927013517139597,0.48152807178534296,0.8494453746807091,0.640642281776517,0.5860204144074701,0.16935245122089804,0.47535906768086855,Medium
0.5644331324123236,0.48572829628882686,0.8300980847928505,0.515509584441936,0.47347923353380655,0.7055636391296896,0.887180645434481,0.15269583631958128,0.3635144573692667,Medium
0.732506801509476,0.7210877155098768,0.9285752527934519,0.6850182627187021,0.546955465056304,0.6171625328252635,0.9202912906006732,0.4008144868264547,0.6410060573207013,Medium
0.7908522330111185,0.5075919385441514,0.358889363581568,0.6552195071110498,0.8787774195250118,0.509825741373424,0.8038048997732061,0.8064072794003208,0.9012592077965633,Medium
0.8978450822243209,0.8000969148498696,0.5751727352915808,0.6596046292776923,0.4906042813406482,0.9396965284035977,0.4281786534446004,0.7369128412668242,0.16392026204694488,Medium
0.523852763056362,0.8313036977653516,0.37017189460601363,0.5927637977141655,0.835148106761481,0.982804915690442,0.7397937280999193,0.8097534682051658,0.3814088099031234,Medium
0.4065974971950883,0.3717611748465321,0.3116147364428185,0.4602362401552702,0.9527938580595496,0.670785193515784,0.8579769471983689,0.5655421507974484,0.14086860395086132,Medium
0.48213137804128436,0.6596981249447373,0.7632030778507696,0.5167180008751981,0.6985682984544056,0.6692534397127364,0.4819018072501493,0.49617909815994155,0.624943770407832,Medium
0.9400111851088631,0.6562233889137391,0.7217146093766114,0.5573704014748122,0.7933018299615111,0.5035459063871854,0.537202450830762,0.23270727403565555,0.7288705094885958,Medium
0.9243340465375092,0.5584965391508787,0.41411337967042033,0.5899921557653995,0.844077849632908,0.840125344165187,0.9294970630408819,0.39537347824838043,0.9319127325974559,Medium
0.758447861302185,0.9530474037987704,0.4636689831651448,0.5594865836910597,0.8760317191173141,0.9127199478743144,0.41207303311184446,0.4906174295564878,0.2788719262609649,Medium
0.760310116260192,0.8792544239112547,0.3165954275511629,0.5169511551770568,0.5160426702854368,0.5733041501800016,0.8516362826955857,0.17974038671165551,0.9502112058654302,Medium
0.7990220047277533,0.7880465673367457,0.8844630439860826,0.7174129047893765,0.24101076734079854,0.5798331746835754,0.6842639755086537,0.29855075744009013,0.0632626718206748,High
0.5052227671740698,0.8000286450144982,0.982283417233986,0.7798839540649298,0.5215010169893917,0.8950416249857189,0.6680632953037642,0.6384027646573649,0.6030138633645882,High
0.9486471675549759,0.6232013006691833,0.3948216757562836,0.7289130853282706,0.7390049838272719,0.8081453741770723,0.40425791949693235,0.7620968028152708,0.057132719343329974,High
0.6512623149352439,0.9446961647676031,0.46203264963570867,0.7045031928727882,0.5602803086246342,0.5224302788138585,0.8916389385798957,0.9985127602536547,0.8937741877619448,High
0.6298831169496985,0.7862167990772997,0.9078866667628538,0.860506505565674,0.7991705206883188,0.8112734952311409,0.6158949403819399,0.9398019982092018,0.5298090570700541,High
0.7113506231697025,0.8102867431590715,0.9485246585693294,0.7561418166324924,0.4855859435749311,0.654458861421883,0.7244593787803257,0.6783086795816724,0.6693483507627961,High
0.42817958006503304,0.9031836326511415,0.5937391679647672,0.7018710819346227,0.7077953128832237,0.684362577735423,0.8063804118013957,0.47912324796466477,0.8315739259104525,High
0.49977002125364767,0.4918501125395337,0.33543573058835185,0.5923987903790557,0.34913584388317964,0.8848657091484401,0.8215777458627496,0.6725596282374094,0.15031062248396876,Medium
0.8428201698558222,0.8649496327066921,0.3275742835849736,0.6607298115210966,0.7994955493159657,0.9054675963363052,0.9735880352956434,0.8070864562722088,0.038591561938133845,Medium
0.4496792007550759,0.43666842206954437,0.7017649062483073,0.5179433913475182,0.6365567750504206,0.7001783134199153,0.7188039719419654,0.2065025718310486,0.8788811459128522,Medium
0.7618912656798329,0.5417393665714214,0.5750265762252253,0.6431591336929396,0.36325151083728047,0.9735764680031773,0.6398317305846566,0.46891440072665946,0.3149332274589325,Medium
0.5472094658087926,0.5349273179888898,0.32005669930435815,0.551840564479145,0.43352893879824583,0.7032313589760362,0.9722221758950248,0.8558220570720555,0.12897890792716526,Medium
0.633577368425186,0.9849678278723983,0.7082766746187896,0.6308479586278419,0.7988869668654659,0.885918017615055,0.7852661410153127,0.4454496567397396,0.46846123708708653,Medium
0.57321624206242,0.8995760566235487,0.3079117756123157,0.567989284230368,0.5860809885292166,0.7419386322821295,0.5788902137659334,0.6146850441044679,0.5983060756960188,Medium
0.6134036298789695,0.7908189031131818,0.851160370704491,0.703273999509692,0.3728251523144578,0.948766163261042,0.47587854724214274,0.6289924247759784,0.030970603422510123,High
0.8314275431105473,0.808939733130773,0.51450297589236,0.5968798855936119,0.9738169522962381,0.9538806218250893,0.9055327008791088,0.2660286278202754,0.2748956582570877,Medium
0.578273029373905,0.6934509560817997,0.32818060210646244,0.43412276831508945,0.7721000158535103,0.543708403935542,0.617308961676491,0.4260118974870596,0.03279987427689601,Medium
0.7398427841781383,0.9629634669759632,0.7118465546882073,0.5958921151653863,0.965707866031837,0.9682466656551129,0.7962818328186587,0.4010601598677389,0.42033538919549895,Medium
0.6856302413194598,0.647381127017653,0.5783790901031383,0.508206916810816,0.5416840362882747,0.9127674207602079,0.6824898516195389,0.12357703767885832,0.8951000290662443,Medium
0.7982026992175889,0.5663623969089262,0.9816602893500046,0.6905210367786969,0.5800802725533765,0.8956553571563335,0.519357867877023,0.12177258750221973,0.9826524114935692,Medium
0.9620978435948548,0.4141247358521137,0.6809390637525915,0.7569710188968511,0.9183641729480154,0.6004556698427612,0.7610119651722791,0.8485273393081961,0.6370475535036275,High
0.8395432583261502,0.8503439565827406,0.4926674267259058,0.6364615205777331,0.6200394721963077,0.9025596043773325,0.4364098413704094,0.3457637289755312,0.1616376937845918,Medium
0.5289642271544541,0.8141107524529139,0.7966072052437823,0.6430797789168248,0.7658231295245337,0.9250663673425183,0.6480054759227154,0.5662708896149339,0.9058493899993058,Medium
0.4187098810367708,0.5690485269668943,0.49004440177989794,0.4081257641259171,0.401738301996424,0.6445751672270754,0.7279689637982026,0.36885301622989575,0.5162478232000605,Medium
0.5573584265798951,0.31763538977146055,0.9329703039852955,0.7640166134507865,0.5573811749621125,0.9761300391811618,0.6616281844711475,0.9466113206038065,0.1537493121029181,High
0.7570467584201529,0.8872981294026074,0.5623053793551636,0.573556349265777,0.2987598926482841,0.5249300731995821,0.8492033051505945,0.33336708297919637,0.9217266694516614,Medium
0.43085548809055024,0.30799258841785154,0.6849079939433436,0.5799363238445248,0.36478402870156934,0.5749546266235699,0.8967549727271875,0.4866911314650416,0.757469050723103,Medium
0.6978197483207418,0.7925898457403356,0.3354011726769602,0.5720045386626549,0.2007547322141049,0.7687905690257572,0.8627458444199068,0.8854572254361417,0.7317052727231516,Medium
0.7581057093501335,0.9791799768082399,0.5982848665665614,0.7745135977183496,0.2314120413189282,0.7878962355611548,0.4232877686870813,0.8577402101126278,0.7091807037944047,High
0.6005463344901765,0.6063629297037424,0.8826544777626963,0.7298085102666347,0.9818270585415434,0.8225750416504517,0.5164772622675833,0.2674912760616496,0.20033982109644233,High
0.8625473222474931,0.46448138349716694,0.8639541637543393,0.7807714765522356,0.3938829561094099,0.5084845646577332,0.7219645055582646,0.8223789788161394,0.21100669170752606,High
0.4639589518802631,0.7934097070303672,0.45702299119746836,0.6072454681169193,0.7306485676032015,0.9801833873110651,0.9608932242662808,0.5123681980641034,0.688292998427255,Medium
0.4450826690414853,0.8719896994109095,0.45825534970739384,0.5060607100384658,0.8712797590396892,0.522294046367072,0.9009740650312701,0.5346719848768197,0.21972275011039688,Medium
0.836913253722162,0.6825012212544931,0.8721137185492658,0.7269690988348244,0.6405283673892515,0.5715309763617011,0.905520705011081,0.2201319751743494,0.43867169680304885,High
0.6972947897237192,0.9769246926793023,0.9512788941185277,0.7108202269936335,0.32251560006716495,0.5070072587630285,0.5819249162558049,0.1725413623814122,0.7820018255939414,High
0.8130414378566416,0.33616810516057277,0.3667526448911025,0.6285548262836702,0.7824931498689331,0.7834292166470473,0.6576687382472215,0.7551453762763887,0.783952518097841,Medium
0.6608964031622477,0.6533569188131696,0.6150410475983576,0.616836178833081,0.6802011280796665,0.9661334419604861,0.6824235683895625,0.5468150371197698,0.45326177252585964,Medium
0.5478412199434641,0.8029177631257851,0.5362179952749603,0.41708645074821377,0.7850004714779002,0.8329735830402321,0.4944229500099463,0.4931656323536616,0.7921899382752451,Medium
0.8914613906045199,0.9038483298044253,0.9094819188202075,0.8057706857742192,0.8157972982856698,0.9113287342402137,0.41864087814667383,0.756557405787157,0.8386217961980568,High
0.8796495273813876,0.425478928335453,0.3584674402760131,0.6073095054864023,0.9803282941477962,0.50664060172929,0.9681417396763101,0.7889616090919988,0.6547757512842602,Medium
0.8168178825126561,0.8600024372345769,0.44778815979062614,0.4780951757462624,0.6588506240213681,0.771007649239863,0.5444275513981041,0.24301735090241822,0.22842585230842016,Medium
0.5632870823379776,0.6868949530029816,0.8267278363105459,0.6899785749557404,0.47331289015248146,0.7297814887527609,0.5439693422341788,0.6492026345298771,0.2740117803855475,Medium
0.7541384001214523,0.5775875773929742,0.3359056942868509,0.41909988088947553,0.7187716455201898,0.7494839721103965,0.45002743226125574,0.22181867404991698,0.31484115540873536,Medium
0.6165843381640161,0.3922005200053655,0.6447747665000024,0.6016297427046432,0.2547525673941009,0.536106592667594,0.9571046511662671,0.7762375774261411,0.116804107733952,Medium
0.4549492439959805,0.9057070312362387,0.609474924275804,0.5980396843481234,0.917917854657269,0.8422176805346537,0.7478422689638632,0.6912596406404256,0.2731596203699451,Medium
0.9503881452773457,0.41009124572580075,0.5340808252921241,0.6772640291170977,0.29550480907055743,0.7516102074293172,0.8002221142752124,0.9609531589751121,0.20951922431253212,Medium
0.48209117855137684,0.5168515014463695,0.5762006207232466,0.5168251375140641,0.46227427030865464,0.882574424930632,0.9469461323578315,0.16206221472077909,0.45532874980860216,Medium
0.9701424122924814,0.5030318723737057,0.670958410851163,0.5569515933135,0.8525963045008969,0.7426453170308577,0.6073721013404737,0.1513492490361289,0.9084375478722649,Medium
0.6676034637747734,0.909989823933598,0.4129571508718682,0.5043375489051457,0.6778499026645695,0.574690818113216,0.7729043866828504,0.35396836722388014,0.10448031675395808,Medium
